User ID,ID,Data Provider,Project Name,Consumer Team,Consumer Name,Consumer Description,Variation Type,Variation Value,Purpose,AI Final Decision,Human Expert: Seniority,Human Expert: Hastiness (1: Very Hasty | 7: Very Formal),Human Expert: Meaning Preservation (1: Very Different | 7: Very Similar),Time on Question (seconds),Total Elapsed Time (seconds)
user_777,3e6df138892d6908a28f951eec68f5cc902c778c4db63e23540b9c7e0bdd4f6b,Marketing Campaigns,Policy Customization Algorithm,contracts,Custom Policy Advisor,Enhances the customer interaction experience by recommending personalized policy options based on data-driven insights.,combined,"junior analyst + very hasty (typos, shorthand, missing punctuation, casual phrasing)",hey can i get access to the marketing campaign performance data? i need it to tweak algos that sugge,Reject,Senior Manager,7,7,7.27,7.38
user_777,569aece891f2a8d3ee80645eba515c0af80c714bb4036f25ac1a0d44e0b6309f,Payments,AI-driven Customer Service Enhancements,enabling-team,AI Service Enhancer,Uses AI to anticipate and resolve customer issues based on payment data anomalies.,combined,"executive/CEO + very formal (precise legal-style language, complete sentences, no contractions)","In order to enhance the experience of our customer service, it is imperative that we employ payment ",Reject,Senior Manager,7,7,32.11,39.49
user_777,bd7b9717630b7177aecf10a02c0dcbdb02b9d42dce0a5215ae1dc5d541eae71e,Order Lines,Logistics Demand Forecasting,logistics,Demand Forecasting System,Enhances stock and resource allocation by predicting product demand with high accuracy.,combined,"executive/CEO + neutral (standard professional, no particular urgency or formality)",The Logistics team intends to access the 'Order Lines' data through the API to enhance our demand fo,Accept,Senior Manager,7,7,87.12,126.62
user_777,ab19af49dfaf765c37a9852fbfac73328cdbc036ac141b7b69dc0f72121611fb,Actor,Automatic Claim Processing,claims--benefit,Automated Claims Handler,Streamlines the claim verification process by automatically validating customer identity through prior contact and payment information.,combined,"senior manager + neutral (standard professional, no particular urgency or formality)",Our application needs access to actors' contact information and payment methods to automate the proc,Accept,Senior Manager,7,7,147.18,273.8
user_777,5fbf5126f2e1e7a0840e4230d7079b429f84ebf0d88b5eeae76c855ca03fa375,Products,Product Performance Metrics,marketing,Product Success Evaluator,Analyzes product performance metrics to enhance marketing strategies and product development.,combined,"executive/CEO + very hasty (typos, shorthand, missing punctuation, casual phrasing)",need data on which items r hot reviews n return stats too wanna see how our stuff's doin n what ppl ,Reject,Junior Analyst,1,1,80.08,353.88
user_777,d2f8d46791b0306df33f72face4dbc9e79d9ea1f37c4826dd80c17167a2051b7,Order Lines,Product Return Analysis,logistics,Return Insight Analyzer,Analyzes return data to improve inventory management and reduce unwanted returns through actionable insights.,combined,"intern + very formal (precise legal-style language, complete sentences, no contractions)","Respected Sir or Madam,

I am writing to formally request access to the 'Order Lines' data. The obje",Accept,Senior Manager,7,7,266.74,620.62
user_777,3e9d3c17b0c949ed56f74adb44a8efd003c3d031797ba2bf40eab4984da48d97,Marketing Campaigns,Customer Segmentation Enhancement,underwriting,Segment Insight Enhancer,Enhances customer segmentation models by integrating various data sources for better targeting of underwriting offers.,combined,"intern + very hasty (typos, shorthand, missing punctuation, casual phrasing)","hey, need access to the marketing campaign data like start/end dates, target profiles n how they did",Reject,Mid-level Analyst,4,4,20.25,640.86
user_777,bd7b9717630b7177aecf10a02c0dcbdb02b9d42dce0a5215ae1dc5d541eae71e,Order Lines,Logistics Demand Forecasting,logistics,Demand Forecasting System,Enhances stock and resource allocation by predicting product demand with high accuracy.,combined,"junior analyst + neutral (standard professional, no particular urgency or formality)",I would like to request access to the 'Order Lines' data through the API. The Logistics team plans t,Accept,Lead,7,7,11.73,652.59
user_777,f9bac089dcd4cc6cd573eeeb5f974e75bab408a1e95ca79d30dbc63bd48a4781,Order Lines,Customer Spend Analysis,platform-team,Spend Analytics Platform,Offers insights into customer expenditure to inform loyalty programs and marketing strategies.,combined,"intern + neutral (standard professional, no particular urgency or formality)","Hi,

I would like to request access to the 'Order Lines' data. The Platform Team is looking to analy",Reject,Junior Analyst,6,5,26.25,678.84
user_777,a832a6f4996c5c43bee02d3b780ec4d9f3af0b0eba60ce713742adeb9c0d946a,Underwriting Life Insurance,New Customer Acquisition Strategy,marketing,Customer Acquisition Platform,Strategic tool to enhance new customer acquisition using targeted demographic analyses.,combined,"junior analyst + very formal (precise legal-style language, complete sentences, no contractions)",I am writing to formally request access to the public mortality models and creditworthiness data. Th,Reject,Senior Manager,7,7,61.53,740.37
user_777,ddd6996c2c695a204467776614aa52246ace9b5d015f8427e944f26c49a0b3f2,Payments,Shipping Charge Audit and Optimization,logistics,Shipping Efficiency Tracker,Analyzes and audits shipping charges to ensure consistency and accuracy in logistics.,combined,"intern + neutral (standard professional, no particular urgency or formality)",I would like to request access to detailed payment information so we can review the shipping charges,Reject,Senior Manager,7,7,313.58,1053.95
user_777,efe5995b6132a912b685011ccc6fe376e28b30dc03780017d6b27bfe49904cfa,Products,Marketing Trend Analysis,marketing,Campaign Effectiveness Tracker,Analyzes marketing data to identify successful strategies within product categories.,combined,"junior analyst + very formal (precise legal-style language, complete sentences, no contractions)",The objective is to evaluate the effectiveness of various marketing campaigns across distinct produc,Accept,Mid-level Analyst,7,7,6.25,1060.2
user_777,22ffca02f0e35cf947c83fb8927b7bbe280c5c6e77e5eff9588e385b7a3a8135,Order Lines,Dynamic Pricing Strategy Development,marketing,Dynamic Pricing Engine,Enables strategic pricing adjustments based on demand analysis to optimize revenue.,combined,"executive/CEO + very formal (precise legal-style language, complete sentences, no contractions)","The Marketing Department hereby requests access to the dataset labeled ""Order Lines"" for the purpose",Accept,Lead,7,7,11.62,1071.83
user_777,ccf085ed0eca44d6c24d68f764389e2d6b1d182ffedffa60d99cc70d59d37272,Actor,Customer Trust Analysis,marketing,Customer Trust Management,Enhances customer relations and trust by improving communication related to data and privacy practices.,combined,"intern + neutral (standard professional, no particular urgency or formality)",I'm looking to get access to contact info and past data usage consents from people with current cont,Accept,Junior Analyst,6,7,10.71,1082.54
user_777,3b5a95f87aa3a4e334a5991082808585dedc2531a3a8eddfe28e20ba9ed1455c,Life Insurance Contracts,Medical History Analysis for Fraud Detection,claims--benefit,Fraud Detection System,Detects potentially fraudulent claims by analyzing medical records and claims data.,combined,"junior analyst + very formal (precise legal-style language, complete sentences, no contractions)",The objective of this request is to conduct an analysis of medical records associated with previous ,Reject,Senior Manager,7,6,12.89,1095.42
user_777,ac8a2ab33afbb175a22413ea976864182a046590cd60a4e1cb9565cfdfc053ba,Payments,Customer Analytics for Tailored Marketing,marketing,Customer Insights Dashboard,Gathers and analyzes customer data to enhance marketing strategies and campaign effectiveness.,none,Original Request,The objective is to leverage payment data to perform customer behavior analysis. This analysis helps,Accept,Senior Manager,7,None - Original Request,7.9,1103.32
user_777,908816ebcf06a8dd13c5e2a483109a841bb9a57bbb42febe141c726fdbc5c393,Payments,Cross-Selling Opportunities Identification,marketing,Cross-Sell Recommendation Engine,Leverages transaction data to identify and suggest cross-selling opportunities to customers.,combined,"intern + very formal (precise legal-style language, complete sentences, no contractions)",I respectfully request access to the payment data in order to identify potential cross-selling oppor,Reject,Mid-level Analyst,6,6,13.3,1116.62
user_777,ddd6996c2c695a204467776614aa52246ace9b5d015f8427e944f26c49a0b3f2,Payments,Shipping Charge Audit and Optimization,logistics,Shipping Efficiency Tracker,Analyzes and audits shipping charges to ensure consistency and accuracy in logistics.,combined,"intern + very hasty (typos, shorthand, missing punctuation, casual phrasing)",hey can i get the payment info for checking how shipping fees r applied? wanna see if there's any mi,Reject,Junior Analyst,1,5,15.76,1132.38
user_777,3e9d3c17b0c949ed56f74adb44a8efd003c3d031797ba2bf40eab4984da48d97,Marketing Campaigns,Customer Segmentation Enhancement,underwriting,Segment Insight Enhancer,Enhances customer segmentation models by integrating various data sources for better targeting of underwriting offers.,combined,"junior analyst + very formal (precise legal-style language, complete sentences, no contractions)","Dear [Recipient's Name],

I am writing to formally request access to specific marketing campaign dat",Accept,Mid-level Analyst,7,7,10.76,1143.14
user_777,c11af745bcf38d34268d01441aaeca7d65952b88b29bf84cb975a5e48d0ae803,Benefit,Claims Forecasting System,underwriting,Claims Predictor,Forecasts future claims potential to improve staffing and budget planning.,combined,"executive/CEO + very hasty (typos, shorthand, missing punctuation, casual phrasing)","Need beneficiary + date data ASAP. Gotta build models to predict claims, allocate resources better i",Reject,Mid-level Analyst,1,6,35.78,1178.92
user_777,72f2f494807873c5538a531b74d0e2eb3c2414d1a2beff92f53e5749a3883be2,Benefit,Policy Personalization Initiative,contracts,SmartPolicy Creator,A platform to align policy offerings more closely with customer needs and observed claim reasons.,none,Original Request,"To enhance our policy personalization efforts, we aim to use reason data from the claimant's context",Accept,Senior Manager,6,None - Original Request,19.34,1198.26
user_777,980f7211ecc0b9866aed87755fb597ad504e36460d4c1ed1e342f790b70a77bb,Customers,Customer Behavior Analytics,platform-team,User Behavior Dashboard,Monitors and analyzes user interactions with the platform to inform interface improvements.,combined,"executive/CEO + very hasty (typos, shorthand, missing punctuation, casual phrasing)","""Need that anon cust data asap—login freqs, order hist, etc. Team's gotta catch trends in how folks ",Accept,Mid-level Analyst,1,2,11.46,1209.72
user_777,5fbf5126f2e1e7a0840e4230d7079b429f84ebf0d88b5eeae76c855ca03fa375,Products,Product Performance Metrics,marketing,Product Success Evaluator,Analyzes product performance metrics to enhance marketing strategies and product development.,combined,"intern + neutral (standard professional, no particular urgency or formality)","I'm looking to access performance data to evaluate item popularity, customer reviews, and return rat",Accept,Junior Analyst,7,7,10.19,1219.92
user_777,569aece891f2a8d3ee80645eba515c0af80c714bb4036f25ac1a0d44e0b6309f,Payments,AI-driven Customer Service Enhancements,enabling-team,AI Service Enhancer,Uses AI to anticipate and resolve customer issues based on payment data anomalies.,combined,"senior manager + neutral (standard professional, no particular urgency or formality)",I'm requesting access to payment data regarding transactional anomalies. Our aim is to train AI mode,Accept,Senior Manager,7,7,48.46,1268.38
user_777,6a45424c65f670cb4a1cd4ca4abcc75622b59f0a07594ae24f0b229c8ce5800a,Life Insurance Contracts,Life Event Trigger Identification,marketing,Life Event Trigger System,Identifies significant life changes for targeted upselling and customer engagement.,combined,"intern + very formal (precise legal-style language, complete sentences, no contractions)","The purpose of this request is to obtain access to data pertaining to significant life events, such ",Reject,Senior Manager,7,7,107.32,1375.7
user_777,daa1003c98c587ff960dc08ef8eb9ef6c5463484183a72983408a17bdebf7b70,Order,Customer Satisfaction Feedback Analysis,enabling-team,Customer Feedback Analyzer,Assesses customer feedback in relation to order fulfillment efficiency for improving service quality.,combined,"senior manager + very formal (precise legal-style language, complete sentences, no contractions)","Pursuant to the requirements of the Enabling Team's operational objectives, I am formally requesting",Accept,Director,7,7,99.85,1475.55
user_777,daa1003c98c587ff960dc08ef8eb9ef6c5463484183a72983408a17bdebf7b70,Order,Customer Satisfaction Feedback Analysis,enabling-team,Customer Feedback Analyzer,Assesses customer feedback in relation to order fulfillment efficiency for improving service quality.,combined,"intern + very hasty (typos, shorthand, missing punctuation, casual phrasing)",hey can i get access 2 order + shipping data? need it 2 match up customer complaints w/ shipping rec,Accept,Junior Analyst,1,6,47.52,1523.08
user_777,37fa85ba016c5b23aeeab56f01170bbdafaaeb853a83a843c9617482ef67a27e,Actor,Data-Driven Customer Outreach,marketing,Personalized Outreach Engine,Customizes outreach strategies tailored to individual customer preferences and behaviors to boost conversion rates.,combined,"junior analyst + very hasty (typos, shorthand, missing punctuation, casual phrasing)",hey need to get data on payment methods + data use consents fr policyholders. wanna see how ppl like,Reject,Junior Analyst,1,6,119.63,1642.71
user_777,22ffca02f0e35cf947c83fb8927b7bbe280c5c6e77e5eff9588e385b7a3a8135,Order Lines,Dynamic Pricing Strategy Development,marketing,Dynamic Pricing Engine,Enables strategic pricing adjustments based on demand analysis to optimize revenue.,combined,"intern + neutral (standard professional, no particular urgency or formality)","Hi [Recipient's Name],

I hope you're doing well. Could I please get access to the 'Order Lines' dat",Reject,Lead,5,7,50.68,1693.39
user_777,f9bac089dcd4cc6cd573eeeb5f974e75bab408a1e95ca79d30dbc63bd48a4781,Order Lines,Customer Spend Analysis,platform-team,Spend Analytics Platform,Offers insights into customer expenditure to inform loyalty programs and marketing strategies.,combined,"junior analyst + very formal (precise legal-style language, complete sentences, no contractions)","Dear [Recipient's Name],

I am writing to formally request access to the 'Order Lines' data set. The",Reject,Senior Manager,7,7,27.61,1721
user_777,f43e3914f3e8110aaedcea54dd9781057c917aee5a2bf3cb50fb727e1486d361,Underwriting Life Insurance,Predictive Loan Default Modeling,contracts,Loan Default Predictor,A predictive tool for assessing default risks among policyholders to inform financial decision-making.,combined,"junior analyst + very hasty (typos, shorthand, missing punctuation, casual phrasing)",hey can I get access to the creditworthiness data? wanna use it to make some models to predict who m,Reject,Junior Analyst,1,5,80.25,1801.24
user_777,d4ff8cc7eb39c6555258259773b2def6a4ce2b8b54a754db408184f3876c466f,Benefit,Marketing Target Optimization,marketing,Campaign Precision Tool,Optimizes marketing campaign timing and targeting based on client lifecycle and claim trends.,combined,"senior manager + neutral (standard professional, no particular urgency or formality)","I am looking to access the date and reason data fields to better target our marketing campaigns, par",Accept,Senior Manager,7,7,20.99,1822.23
user_777,432fb8a48ecc0d440192903e44c6d3306cf9b14a985fcc9a64333635a03d1c5e,Actor,Premium Adjustment Justification,underwriting,Premium Analysis and Justification Tool,Justifies premium adjustments by evaluating customer risk through payment and contract data.,none,Original Request,Our aim is to justify premium rate adjustments by analyzing actor payment methods and linked contrac,Accept,Senior Manager,7,None - Original Request,14.17,1836.41
user_777,7b35544198ce1198da5266bd3d66500917a7b84fa6bf22a73208f4c7e9ca99b3,Order Lines,User Behavior Analytics,platform-team,Behavior Insights Platform,Analyzes customer behavior to optimize product recommendations and enhance platform personalized experiences.,combined,"junior analyst + very hasty (typos, shorthand, missing punctuation, casual phrasing)",hey i need access to the 'Order Lines' data quick. want to check out what stuff ppl usually buy toge,Accept,Junior Analyst,2,5,8.91,1845.31
user_777,d1e088dc50f6d7cf88933f6762a7a08db49789cf5874e66cf2594e14f7a1c9e2,Payments,Product Pricing Strategy Enhancement,marketing,Dynamic Pricing Optimizer,Uses transaction data to fine-tune pricing strategies for revenue maximization.,combined,"junior analyst + neutral (standard professional, no particular urgency or formality)","""I'm looking to access transaction data to help improve our product pricing strategies. By analyzing",Accept,Lead,5,7,39.85,1885.17
user_777,d1e088dc50f6d7cf88933f6762a7a08db49789cf5874e66cf2594e14f7a1c9e2,Payments,Product Pricing Strategy Enhancement,marketing,Dynamic Pricing Optimizer,Uses transaction data to fine-tune pricing strategies for revenue maximization.,combined,"executive/CEO + very hasty (typos, shorthand, missing punctuation, casual phrasing)","Need trans data asap. wanna tweak pricing strat. Check how ppl pay, find best price model, boost rev",Reject,Junior Analyst,1,4,20.18,1905.35
user_777,8392a6d9159cc8a43f7794b73694e375edddcaecc8afb25b686d8f2ffa7bc2c9,Benefit,Claims Risk Pattern Analysis,underwriting,Risk Insight Tool,A platform designed to offer in-depth risk insights through historical claims and beneficiary data analysis.,combined,"junior analyst + neutral (standard professional, no particular urgency or formality)",I'm looking to access historical claims data to help us better understand risk patterns linked to sp,Accept,Senior Manager,7,7,16.03,1921.38
user_777,e8b56c6863caf762d5cff4c5f057d40c8fcd736da34ed6c484c277ba30131a17,Order,Customer Demographics Insight,marketing,Customer Insight Analyzer,Analyzes customer demographics and behaviors to optimize marketing strategies,combined,"intern + very formal (precise legal-style language, complete sentences, no contractions)",I am writing to formally request access to the order data on behalf of the Marketing team. The purpo,Accept,Director,7,7,31,1952.38
user_777,3f5c9aa1b7ffcb1393b809500dd0a83f503db279fe04c2a97b724aab6c8b2e6d,Customers,Product Recommendations Engine,logistics,Recommendation Suite,Enhances customer shopping experience with tailored product recommendations.,combined,"intern + neutral (standard professional, no particular urgency or formality)","Hi [Recipient's Name],

I hope you're doing well. The Logistics team is working on a project to enha",Reject,Lead,5,7,33.58,1985.96
user_777,b9a4865366feb253fe59726c67d3ce20cf7f87e6b776be6bb3d16b470584b098,Life Insurance Contracts,Customer Profiling for Personalized Marketing,marketing,Customer Profiling Engine,Generates customer profiles to tailor marketing campaigns for improved engagement.,combined,"senior manager + very hasty (typos, shorthand, missing punctuation, casual phrasing)",Need access to the policyholder data ASAP want to whip up some marketing stuff that hits home with o,Reject,Junior Analyst,1,6,20.71,2006.67
user_777,8392a6d9159cc8a43f7794b73694e375edddcaecc8afb25b686d8f2ffa7bc2c9,Benefit,Claims Risk Pattern Analysis,underwriting,Risk Insight Tool,A platform designed to offer in-depth risk insights through historical claims and beneficiary data analysis.,combined,"intern + very formal (precise legal-style language, complete sentences, no contractions)",I hereby formally request access to the historical claims data in order to conduct an analysis aimed,Accept,Director,7,7,20.93,2027.6
user_777,9b65f2f2236bc85b26d1786f0b7a96fd739a453336bb573d5f484d48c3bf3b52,Benefit,Payment Integrity Monitor,contracts,FinGuard,Monitors payment activities to ensure financial accountability and irregularity detection.,combined,"intern + very hasty (typos, shorthand, missing punctuation, casual phrasing)",hey can i get access to the payment info fields? we gotta check for any weird stuff in the claims pa,Accept,Junior Analyst,1,5,9.97,2037.56
user_777,e69a8165208fd5582c0c37bb1c398e4251c6fccd6b0a7456d911a05bbca35e11,Order,Customer Churn Prediction Model,enabling-team,Churn Prediction Model,Predicts customer churn to facilitate targeted retention strategies and sustain business growth.,combined,"executive/CEO + very formal (precise legal-style language, complete sentences, no contractions)",The Enabling Team hereby formally requests access to pertinent data in order to develop a predictive,Accept,Director,7,7,23.74,2061.3
user_777,f9bac089dcd4cc6cd573eeeb5f974e75bab408a1e95ca79d30dbc63bd48a4781,Order Lines,Customer Spend Analysis,platform-team,Spend Analytics Platform,Offers insights into customer expenditure to inform loyalty programs and marketing strategies.,combined,"executive/CEO + neutral (standard professional, no particular urgency or formality)",I would like to request access to the 'Order Lines' data to better understand spending patterns. Thi,Accept,Senior Manager,6,7,20.91,2082.22
user_777,5fbf5126f2e1e7a0840e4230d7079b429f84ebf0d88b5eeae76c855ca03fa375,Products,Product Performance Metrics,marketing,Product Success Evaluator,Analyzes product performance metrics to enhance marketing strategies and product development.,combined,"executive/CEO + neutral (standard professional, no particular urgency or formality)","To assess product success and consumer satisfaction, I need access to performance data focusing on i",Accept,Senior Manager,6,6,23.21,2105.43
user_777,bc4f35ee432b68a1dec44cdb113d48f9b69eb28db1f50ba1259d9f93cb2ceea2,Campaigns,Sales Trend Analysis,logistics,Logistics Optimization Engine,Optimizes inventory and distribution based on sales trends and forecasts.,combined,"senior manager + very hasty (typos, shorthand, missing punctuation, casual phrasing)","Need campaign performance data ASAP to check sales trends, focus on how different channels doing. Go",Reject,Junior Analyst,1,6,21.36,2126.79
user_777,eb0464e13d4264a8417e636f88b9d43e7d2f97d2e6a06637fae987c9a1a3f8fc,Actor,Targeted Marketing Campaigns,marketing,Precision Marketing Generator,Designs data-driven marketing strategies and campaigns targeting suitable potential customers.,combined,"executive/CEO + very formal (precise legal-style language, complete sentences, no contractions)","In order to augment the efficacy of our marketing campaigns, I hereby formally request access to the",Reject,Director,7,7,16.94,2143.73
user_777,b996e57f625ba5a93e4cc70ddb09583be42678227126aabe7506d1a9732a748f,Marketing Campaigns,Risk Profile Adjustment Modeling,underwriting,Dynamic Risk Modeler,Improves risk management by applying dynamic models based on integrated behavioral and marketing data insights.,combined,"senior manager + very hasty (typos, shorthand, missing punctuation, casual phrasing)",Need access to the marketing data ASAP. Gotta see how customers are reacting to our campaigns so we ,Reject,Junior Analyst,1,6,20.13,2163.86
user_777,f43e3914f3e8110aaedcea54dd9781057c917aee5a2bf3cb50fb727e1486d361,Underwriting Life Insurance,Predictive Loan Default Modeling,contracts,Loan Default Predictor,A predictive tool for assessing default risks among policyholders to inform financial decision-making.,combined,"intern + very hasty (typos, shorthand, missing punctuation, casual phrasing)",hey can we get access to creditworthiness data? the contracts team wants to build some models to see,Reject,Intern,1,6,18.47,2182.32
user_777,b9a4865366feb253fe59726c67d3ce20cf7f87e6b776be6bb3d16b470584b098,Life Insurance Contracts,Customer Profiling for Personalized Marketing,marketing,Customer Profiling Engine,Generates customer profiles to tailor marketing campaigns for improved engagement.,combined,"intern + very formal (precise legal-style language, complete sentences, no contractions)",I am writing to formally request access to the policyholder base data. The purpose of this request i,Reject,Senior Manager,7,7,21.36,2203.68
user_818,f43e3914f3e8110aaedcea54dd9781057c917aee5a2bf3cb50fb727e1486d361,Underwriting Life Insurance,Predictive Loan Default Modeling,contracts,Loan Default Predictor,A predictive tool for assessing default risks among policyholders to inform financial decision-making.,combined,"intern + very formal (precise legal-style language, complete sentences, no contractions)","I am writing to formally request access to creditworthiness data for the purpose of developing predictive models aimed at assessing the risk of loan default among policyholders. The intended analysis will aid in the identification of individuals who may be classified as high-risk, thereby allowing for the adjustment of contract terms in a manner that proactively manages associated risks. The organization anticipates that such proactive risk management will contribute to the minimization of financial losses and the enhancement of the overall health of the loan portfolio, thereby ensuring economic stability and profitability in the organization's lending operations.",Accept,Senior Manager,7,7,247.44,247.54
user_818,10b0c8f06a35c1c6202e0c15968967516981b46a27bf607982e753a071fc4858,Customers,Personalized Marketing Campaigns,marketing,Customer Insight Engine,Gathers and analyzes customer data to deliver targeted marketing content and promotions.,combined,"senior manager + very hasty (typos, shorthand, missing punctuation, casual phrasing)","Need access to cust data ASAP—names, contact info, shopping habits. Marketing wants to whip up some killer personalized campaigns. We’re talking tailored messages, product suggestions, exclusive offers—whole shebang. Gonna up engagement and sales big time. Let's get on this, yeah?",Reject,Senior Manager,1,6,72.2,319.75
user_818,3e6df138892d6908a28f951eec68f5cc902c778c4db63e23540b9c7e0bdd4f6b,Marketing Campaigns,Policy Customization Algorithm,contracts,Custom Policy Advisor,Enhances the customer interaction experience by recommending personalized policy options based on data-driven insights.,combined,"intern + neutral (standard professional, no particular urgency or formality)","I would like to request access to the marketing campaign performance data. This information will help us improve the algorithms we use to suggest personalized policies to customers. By analyzing which campaigns led to policy upgrades, we can make the algorithm better at recommending similar policies in the future, which should boost customer satisfaction and increase policy conversions.",Accept,Mid-level Analyst,6,6,34.91,354.66
user_818,8ccec5190e0fee9d1102f2f61831f7a2691523a317e470562538743690f84b49,Payments,Refund Optimization Process,enabling-team,Refund Analysis Suite,Optimizes refund processes by analyzing transaction patterns and refund data.,combined,"intern + very formal (precise legal-style language, complete sentences, no contractions)","To facilitate the improvement of our refund procedures, I respectfully request access to data pertaining to refund transactions. The purpose of this request is to conduct a thorough analysis of historical refund data, which will enable the identification of prevalent reasons for returns. This analysis is intended to inform adjustments to our policies, thereby enhancing customer satisfaction. Specifically, I seek access to information regarding refund amounts and their corresponding orders, with the aim of optimizing our return management strategies and increasing the efficiency of our policies.",Reject,Senior Manager,7,5,99.91,454.57
user_818,a686d94a1c154beedb96f9df1fcfbb31d467f08858faa472c4baca8b25b95a48,Life Insurance Contracts,Pre-Approval Underwriting Analysis,underwriting,Pre-Approval Analysis Tool,Automates underwriting processes to accelerate the pre-approval phase and improve customer experience.,combined,"executive/CEO + very formal (precise legal-style language, complete sentences, no contractions)","The integration of detailed policyholder data, including but not limited to prior medical records and foundational data, into our underwriting models is imperative. This initiative is designed to facilitate a more efficient pre-approval process, thereby expediting the review of applications and enhancing overall customer satisfaction.",Accept,Lead,6,6,33.67,488.23
user_818,cfe9eae62c3e489ddaacc950dfdb89cf8633b9a1c46539ab6389084e541a275a,Campaigns,Cross-channel Performance Optimization,shop-operations,Channel Optimizer,Enhances promotional campaigns by analyzing and optimizing performance across different marketing channels.,combined,"senior manager + neutral (standard professional, no particular urgency or formality)","I would like to request access to data that will assist the shop operations team in optimizing our promotional campaigns. Our goal is to compare performance across various channels to identify the main factors contributing to success and pinpoint areas needing improvement. By gaining insights into the campaigns' reach and impact, we can tailor our strategies to enhance marketing ROI and boost customer engagement effectively.",Accept,Mid-level Analyst,6,6,35.42,523.65
user_818,888b64a16b92e3bedd6945a5a72236f1baf5566689e952556e04ec4cfc3ae57b,Fulfilment,Customer Experience Enhancement,shop-operations,Customer Fulfilment Evaluation,Monitors and evaluates delivery performance and fulfilment accuracy to enhance customer service.,combined,"intern + very formal (precise legal-style language, complete sentences, no contractions)","I am writing to formally request access to fulfilment data, specifically including details such as 'order' and 'number of pieces.' The purpose of this request is to assist Shop Operations in its objective to enhance the overall customer experience. By analyzing this data, Shop Operations intends to evaluate the accuracy of fulfilment and the timeliness of deliveries. Access to this information will enable the identification of inconsistencies in order fulfilment, the reduction of delivery discrepancies, and the enhancement of process efficiencies, all of which contribute to increased customer satisfaction.",Accept,Mid-level Analyst,7,5,43.46,567.11
user_818,299c8e32afcdef46d804c7a2b49fbf9151dcbe29e90043270118b9318258e229,Life Insurance Contracts,Policyholder Data Enrichment,underwriting,Risk Assessment Tool,Optimizes premium calculations and underwriting decisions by incorporating detailed policyholder data.,combined,"junior analyst + very formal (precise legal-style language, complete sentences, no contractions)","To improve the precision of our underwriting models, I respectfully request access to specific policyholder data, including age and smoking status, from the Life Insurance Contracts. The integration of this detailed information is essential for enhancing the accuracy of our risk assessment processes. It will enable us to propose more competitive premium rates and develop pricing strategies that are more precisely aligned with individual risk profiles.",Accept,Junior Analyst,6,5,366.84,933.95
user_818,69c3cdbd4bf165b066ba62a40a9e9d153fce1276f8142f5045a7f5ff6abd9b65,Fulfilment,Inventory Management Enhancement,platform-team,Inventory Optimization System,Analyzes order data to anticipate inventory needs and optimize stock levels.,combined,"senior manager + very formal (precise legal-style language, complete sentences, no contractions)","The Platform Team is endeavoring to enhance inventory management by forecasting stock requirements through an analysis of fulfillment patterns. In order to achieve this objective, they require access to 'order' and 'product' data. Such access will facilitate the improvement of restocking strategies, thereby minimizing occurrences of both overstock and understock situations, and ultimately ensuring efficient inventory control.",Accept,Lead,5,5,33.9,967.86
user_818,8bb79c71c2c26f3e0a50ff08da40750acd7ae677ab2063ef21c8657579e68faf,Actor,Cross-sell Opportunities Discovery,marketing,Cross-sell Intelligence Platform,Identifies and suggests profitable cross-sell insurance products to existing customers based on their purchase patterns.,combined,"junior analyst + very formal (precise legal-style language, complete sentences, no contractions)","I request permission to access and analyze the current contract linkages and payment details of our customer accounts. The primary objective of this analysis is to identify potential opportunities for cross-selling within our existing client base. By examining the patterns and relationships between newly acquired contracts and associated accounts, we can strategically recommend supplementary insurance products to clients who would benefit most. This approach is intended to enhance customer lifetime value and satisfaction by offering tailored product solutions at opportune moments.",Reject,Mid-level Analyst,6,6,49.1,1016.96
user_818,b35b001d2c2c2926feff474c97eab61c46c11dbb5a6dbe90a382086561986a72,Underwriting Life Insurance,Claims Processing Optimization,claims--benefit,Claims Workflow Optimizer,Software to streamline claims processes by leveraging underwriting data to inform decisions.,combined,"senior manager + very formal (precise legal-style language, complete sentences, no contractions)","The Claims and Benefit Team respectfully requests access to health risk assessments and exclusive third-party data in order to optimize the processes involved in claims processing workflows. By acquiring a comprehensive understanding of risk profiles, the team endeavors to streamline the claims adjudication procedures, thereby reducing processing times and enhancing claim resolution rates. It is anticipated that this improvement will elevate customer satisfaction levels while concurrently reducing the operational costs associated with extended claims handling.",Accept,Lead,6,6,41.07,1058.03
user_818,173e64d0ee35a85c54bc6d0afcb31f54a12a4f7b50d6e6ec828c6c1f06e50f41,Benefit,Customer Experience Improvement,contracts,ClientConnect,Improves client interactions through enhanced understanding of claim context and timing.,combined,"executive/CEO + neutral (standard professional, no particular urgency or formality)","I would like access to the reason and date data from the Benefit API. This information will help us refine our response strategies by gaining a clearer understanding of the contexts and timing of claims. By tailoring our communication and feedback based on these insights, we can improve client satisfaction through faster and more relevant support and advice, addressing their specific needs during important moments.",Accept,Intern,4,5,22.54,1080.57
user_818,c858a5fca3357b6b0d6ec07a14b99958b615bf45be0ad0cfb4ff963aeaf38332,Order,Inventory Planning and Forecasting,marketing,Demand Forecasting Tool,Forecasts inventory needs based on order patterns to enhance supply chain efficiency and marketing alignment.,combined,"executive/CEO + very hasty (typos, shorthand, missing punctuation, casual phrasing)",need access to order data pronto marketing needs it to track purchase trends n forecast inventory we gotta know whts hot across segments optimize stock avoid shortages align marketing n supply chain drive sales get it done,Reject,Mid-level Analyst,1,5,30.64,1111.21
user_818,56e8a69b4bd313eb3e1c0de7f07d13a1d15983f84e3b6519c437d907b8bd40fb,Products,Internal Product Development Insights,shop-operations,Product Innovation Tracker,Enhances product development processes through lifecycle data analysis for better innovation outcomes.,combined,"intern + neutral (standard professional, no particular urgency or formality)","I'm working on a project to help us improve our product development process. To do this, I'd like to access data on our product lifecycles and market feedback. Understanding this information will help us innovate and better meet consumer needs from the first idea all the way to launching in the market.",Accept,Intern,4,4,36.98,1148.19
user_818,d295d45b8f676db55878e0624e98601f2eaa46d81d2a67000987119b138ccd92,Order,Shipping Performance Metrics,logistics,Shipping Performance Dashboard,Monitors and analyzes shipment histories to optimize logistic operations and ensure timely deliveries.,combined,"intern + neutral (standard professional, no particular urgency or formality)","Hi [Recipient's Name],

I hope you're doing well. Could the Logistics team get access to the order data, please? We need it to check on shipping times and addresses so we can look at how well deliveries are going. By spotting any patterns in areas where there are often delays or differences between estimated and actual shipping times, we can make things run smoother by adjusting resources or changing delivery routes. This will really help in boosting customer satisfaction and making our supply chain work better.

Thank you!",Accept,Senior Manager,4,5,150.56,1298.75
user_818,4ad861cf2fd4fe2a6bfd111155a4fccc16b08d3df9e29920c634dff4e6d95e0f,Actor,Risk Assessment Enhancement,underwriting,Enhanced Risk Assessment Tool,Utilizes advanced analytics to improve risk scoring by integrating digital and historical contract data.,combined,"executive/CEO + very formal (precise legal-style language, complete sentences, no contractions)","To facilitate the refinement of our underwriting risk assessments, I hereby formally request access to online account activities as well as links to historical contracts. This data will be utilized to discern patterns that may indicate potential risk factors not readily apparent through traditional metrics. Analyzing the digital footprint and historical contract data will enable the creation of more accurate risk profiles, thus enhancing the precision of coverage assessments and decision-making processes.",Reject,Director,7,6,235.64,1534.39
user_818,85ab75585d5057038c61327a5591720d18423b59f24561a98664ed2a5462d4e2,Customers,Enhanced Customer Service Training,platform-team,Service Training Module,Develops enhanced customer service training based on data-driven insights about customer interactions.,combined,"senior manager + neutral (standard professional, no particular urgency or formality)","To enhance our training programs aimed at boosting efficiency and customer satisfaction, the Platform Team needs access to anonymized data on customer service interactions. This data will help us analyze frequently asked questions and common issues, allowing us to create more targeted training sessions for our service teams.",Accept,Senior Manager,5,4,40.15,1574.54
user_818,142e4fb86d9d5f1ace0539c5fbc6c7a9bf882d9248ad4a8003a3a5e6d6394209,Benefit,Strategic Claims API Development,actor,OpenClaim API,Enhances claim processing efficiency through strategic API development and integration.,combined,"senior manager + very formal (precise legal-style language, complete sentences, no contractions)","In order to effectively tailor our claim processing API, it is imperative that we conduct an in-depth analysis of both beneficiary information and payment data. Access to this information is essential for identifying potential integration points with third-party software, which in turn will facilitate improvements in process efficiency and customer satisfaction. The objective of this endeavor is to develop more cohesive API systems that serve to reduce claim processing times and enhance transparency, thereby fortifying user experience and fostering trust in our systems.",Accept,Mid-level Analyst,6,5,120.87,1695.41
user_818,ab5aa0fc2b1db853c331f697ea79ebd6f7368ae2e4007502f7588e15d9a85609,Products,Logistics Efficiency Enhancement,enabling-team,Logistics Optimizer,Analyzes logistical data to enhance warehouse efficiency and optimize transport routes.,none,Original Request,"Improving logistics efficiency by analyzing stock and warehouse data helps refine transport and distribution processes, reducing downtime and costs while enhancing service delivery. This analysis will inform decisions related to warehouse location optimization and resource allocation.",Accept,Junior Analyst,5,None - Original Request,61.6,1757.01
user_818,432fb8a48ecc0d440192903e44c6d3306cf9b14a985fcc9a64333635a03d1c5e,Actor,Premium Adjustment Justification,underwriting,Premium Analysis and Justification Tool,Justifies premium adjustments by evaluating customer risk through payment and contract data.,combined,"executive/CEO + very hasty (typos, shorthand, missing punctuation, casual phrasing)",need data on actor pay methods & contracts asap gotta justify premium rate changes wanna see risk/payment patterns so we can explain price bumps to customers keep it transparent so policyholders get it & accept it,Reject,Lead,1,7,66.97,1823.98
user_818,908816ebcf06a8dd13c5e2a483109a841bb9a57bbb42febe141c726fdbc5c393,Payments,Cross-Selling Opportunities Identification,marketing,Cross-Sell Recommendation Engine,Leverages transaction data to identify and suggest cross-selling opportunities to customers.,combined,"executive/CEO + very formal (precise legal-style language, complete sentences, no contractions)","I hereby request access to the payment data with the objective of identifying potential cross-selling opportunities. Through the analysis of related purchasing patterns present within the transaction data, we aim to recommend supplementary products to our customers, thereby enhancing sales conversion rates. Access to detailed payment information, including order compositions, is essential to propose relevant cross-sell options in alignment with our e-commerce strategy.",Accept,Senior Manager,6,6,90.7,1914.68
user_818,9edcaccf6f0972de44aecb7a8c8463055af285881e6b5e1980a7ebdc70bdfc59,Order Lines,Inventory Shrinkage Monitoring,logistics,Shrinkage Tracker,Monitors and reduces inventory discrepancies to enhance supply chain integrity.,none,Original Request,"The Logistics team seeks 'Order Lines' data to address shrinkage in inventory. By analyzing discrepancies between ordered and delivered quantities, we aim to identify losses and enhance inventory accuracy. This access will strengthen inventory control processes and reduce financial losses attributed to shrinkage.",Accept,Mid-level Analyst,5,None - Original Request,23.85,1938.53
user_818,b996e57f625ba5a93e4cc70ddb09583be42678227126aabe7506d1a9732a748f,Marketing Campaigns,Risk Profile Adjustment Modeling,underwriting,Dynamic Risk Modeler,Improves risk management by applying dynamic models based on integrated behavioral and marketing data insights.,none,Original Request,"Enhancing our understanding of customer behavior via marketing campaigns allows us to refine customer risk profiles. By evaluating campaign outcomes and customer actions, we aim to adjust risk assessment models to be more precise, ultimately aiding in the development of personalized risk-based pricing strategies.",Reject,Junior Analyst,5,None - Original Request,27.37,1965.89
user_818,5fbf5126f2e1e7a0840e4230d7079b429f84ebf0d88b5eeae76c855ca03fa375,Products,Product Performance Metrics,marketing,Product Success Evaluator,Analyzes product performance metrics to enhance marketing strategies and product development.,combined,"senior manager + very formal (precise legal-style language, complete sentences, no contractions)","In order to adequately assess product success and consumer satisfaction, it is imperative to evaluate item popularity, customer reviews, and return rates through the performance data. This evaluation of product performance is essential for the development of new products and the formulation of effective marketing strategies.",Accept,Junior Analyst,5,6,53.97,2019.86
user_818,94620844868947b8301d9020ea5a43e1735ca5f2e6aa6b425857158536775371,Marketing Campaigns,Behavioral Analysis in Underwriting,underwriting,Behavioral Assumption Recalibrator,Innovates underwriting processes by correlating marketing-driven consumer behaviors with risk evaluation models.,combined,"intern + very formal (precise legal-style language, complete sentences, no contractions)","I respectfully request access to the marketing campaign data that delineates target customer profiles, as well as the policy uptake information. The purpose of this request is to facilitate a comprehensive analysis of marketing targets and their purchasing behaviors. This analysis is intended to improve our underwriting practices. By integrating this data, we aim to reassess our risk assumptions and modify the underwriting criteria in an appropriate manner.",Reject,Mid-level Analyst,5,3,70.1,2089.96
user_818,908816ebcf06a8dd13c5e2a483109a841bb9a57bbb42febe141c726fdbc5c393,Payments,Cross-Selling Opportunities Identification,marketing,Cross-Sell Recommendation Engine,Leverages transaction data to identify and suggest cross-selling opportunities to customers.,combined,"junior analyst + very formal (precise legal-style language, complete sentences, no contractions)","I respectfully request access to the payment data necessary to identify cross-selling opportunities. By examining related purchasing patterns within the transaction data, we can recommend additional products to customers, thereby enhancing sales conversion rates. Access to payment details, including order compositions, is essential for proposing relevant cross-sell options as part of our e-commerce strategy.",Accept,Mid-level Analyst,6,7,52.99,2142.95
user_818,22ffca02f0e35cf947c83fb8927b7bbe280c5c6e77e5eff9588e385b7a3a8135,Order Lines,Dynamic Pricing Strategy Development,marketing,Dynamic Pricing Engine,Enables strategic pricing adjustments based on demand analysis to optimize revenue.,combined,"junior analyst + neutral (standard professional, no particular urgency or formality)","Hi [Recipient's Name],

I’d like to request access to the 'Order Lines' data for the Marketing team. We want to use this information to look at how product demand changes over time, which will help us set prices that match what customers are willing to pay. This will help us boost revenue, stay competitive, and quickly adapt to market changes.

Thanks!",Accept,Junior Analyst,5,6,25.42,2168.37
user_818,55b95bdb81eb412d2ce229bca7de26e793877b212fa59ba41006d660c41698b0,Life Insurance Contracts,Beneficiary Verification,claims--benefit,Beneficiary Verification Tool,Confirms beneficiary data to secure the legitimacy of insurance claims.,combined,"junior analyst + very formal (precise legal-style language, complete sentences, no contractions)","To ensure the reliability of the policy payouts, it is necessary to verify the identities of the beneficiaries listed under the policyholder accounts. Access to the names and relationship data will substantially improve the accuracy of the payouts and minimize the occurrence of fraudulent claims.",Accept,Senior Manager,6,7,94.23,2262.6
user_818,9bb72c376c7a95fcad77df5b4c8932db97596c79720e185d14de7ca2d2359e6c,Payments,Supply Chain Payment Flow Analysis,logistics,Supply Chain Finance Optimizer,Analyzes payment flow in the supply chain to identify and rectify inefficiencies.,combined,"senior manager + very formal (precise legal-style language, complete sentences, no contractions)","The primary objective is to optimize the finance aspect of the supply chain through the analysis of payment flows. A comprehensive understanding of the manner in which payments are processed and distributed throughout the supply chain will enable the identification of bottlenecks and inefficiencies, thereby ensuring smoother operational processes. Access to data pertaining to payment trends and patterns is requested to support this analysis, with the aim of enhancing both our financial and operational management endeavors.",Accept,Mid-level Analyst,6,6,63.13,2325.73
user_818,09539123b5482ad80ae8d7c55bef767c851cb03b2422c6f790dde67ac62d7cdd,Campaigns,Strategic Marketing Alignment Analysis,enabling-team,Strategic Alignment App,"Analyzes marketing campaigns to align strategic goals with execution, enhancing brand consistency and market response.",combined,"intern + very formal (precise legal-style language, complete sentences, no contractions)","I respectfully request access to the campaign data in order to conduct an analysis intended to align strategic marketing goals with operational realities. This analysis is designed to bridge the gap between marketing strategies and their execution effectiveness. The provision of insights from this analysis will assist in optimizing marketing activities. The enhanced alignment sought through this analysis will contribute to driving brand consistency and improving the overall market response to campaigns. Consequently, this will ensure a more efficient use of marketing budgets.",Accept,Mid-level Analyst,5,5,787.45,3113.18
user_818,e69a8165208fd5582c0c37bb1c398e4251c6fccd6b0a7456d911a05bbca35e11,Order,Customer Churn Prediction Model,enabling-team,Churn Prediction Model,Predicts customer churn to facilitate targeted retention strategies and sustain business growth.,combined,"senior manager + neutral (standard professional, no particular urgency or formality)","Our team is requesting access to data in order to build a model that predicts customer churn. By examining order histories, customer engagement metrics, and feedback, we aim to pinpoint customers who might be at risk of leaving and take steps to retain them. This analysis will help us reduce churn rates, increase customer lifetime value, and maintain steady profitability.",Accept,Mid-level Analyst,5,3,202.67,3315.85
user_818,9edcaccf6f0972de44aecb7a8c8463055af285881e6b5e1980a7ebdc70bdfc59,Order Lines,Inventory Shrinkage Monitoring,logistics,Shrinkage Tracker,Monitors and reduces inventory discrepancies to enhance supply chain integrity.,combined,"executive/CEO + neutral (standard professional, no particular urgency or formality)",I would like access to the 'Order Lines' data to assist the Logistics team in examining inventory shrinkage. Analyzing the discrepancies between what was ordered and what was delivered will help us pinpoint losses and improve our inventory accuracy. This step is crucial for strengthening our inventory control processes and minimizing financial losses due to shrinkage.,Accept,Junior Analyst,5,7,694.97,4010.82
user_818,1564cda9c4539cb75f1ec7a5fd5f195a667bb15351449d1d07873d2a952405ee,Fulfilment,Logistics Efficiency Analysis,shop-operations,Logistics Efficiency Tool,Analyzes logistics data to improve delivery speed and reduce costs.,combined,"senior manager + neutral (standard professional, no particular urgency or formality)","I would like to request access to the fulfilment data for our Shop Operations team. Specifically, we're looking at data points like 'package,' 'order,' and 'number of pieces.' This information will be instrumental in analyzing our logistics efficiency. By understanding these metrics better, we can identify opportunities to optimize our delivery routes and methods, ultimately reducing costs and improving delivery speed.",Accept,Junior Analyst,4,6,563.45,4574.27
user_818,578fc7428282f7b993611f2001293896cf4d07c3d21bf7b9cdb5427db47b5cc4,Benefit,Customer Retention Strategy,marketing,Loyalty Enhancement Platform,A system designed to enhance customer retention through analysis of claims timing and reasons.,none,Original Request,"To identify our most critical clients at risk of attrition, we plan to leverage the reason and date data to analyze recent claims trends. This will allow us to develop targeted retention strategies by understanding how the timing and reasons for claims influence customer dissatisfaction. By predicting these trends, we can proactively engage with these customers through personalized communication, ultimately aiming to reduce churn rates and enhance long-term customer loyalty.",Accept,Lead,6,None - Original Request,460.13,5034.4
user_818,0739cf81637eb1d9549cc22694aa2f5d8db76033abcec1c37540c318fa028929,Products,Supplier Performance Monitoring,shop-operations,Supplier Insight Dashboard,Monitors and evaluates supplier performance metrics to drive improvements in supply chain management.,combined,"senior manager + neutral (standard professional, no particular urgency or formality)","I am conducting an evaluation of supplier performance and need access to supplier information and delivery timelines. This analysis is essential for maintaining robust supplier relationships and enhancing our order fulfillment processes. It will help us identify top-performing suppliers, assess potential risks, and develop strategies to support those who may not be meeting expectations.",Accept,Intern,5,5,103.38,5137.77
user_818,64e471f296e53221766b63e67b4618d5c8fc6bed5b3375af5c8d80b66e35da03,Order Lines,Campaign Effectiveness Analysis,marketing,Campaign Insights Tool,Facilitates detailed analysis of marketing campaign performance to improve strategy and ROI.,combined,"junior analyst + very formal (precise legal-style language, complete sentences, no contractions)","I hereby request access to the 'Order Lines' data product on behalf of the Marketing team. The purpose of this request is to evaluate the effectiveness of both current and past marketing campaigns. By conducting an analysis of product orders that are associated with campaign identifiers, we aim to assess return on investment, adjust future campaigns for improved engagement, and strategically allocate marketing expenditures. The granting of this access will facilitate the development of a data-driven marketing strategy, thereby enhancing overall brand engagement and increasing sales.",Accept,Mid-level Analyst,7,6,58.79,5196.56
user_818,5d8a039e604bdf2e469cd9f6f47d0c82de5a228c4f41b48a88fe40c2d19f4aee,Fulfilment,Supply Chain Risk Assessment,platform-team,Supply Chain Risk Monitor,Detects and analyzes potential risks in the supply chain to maintain operational stability.,combined,"junior analyst + very formal (precise legal-style language, complete sentences, no contractions)","I respectfully request access to the fulfilment data for the purpose of risk assessment in the supply chain on behalf of the Platform Team. By conducting a thorough analysis of the data pertaining to 'package', 'order', and 'product', the team will have the capability to identify potential disruptions. Furthermore, this analysis will enable the team to forecast future vulnerabilities within the supply chain and develop strategic plans to mitigate these risks, thereby ensuring that the supply network remains resilient and efficient.",Accept,Mid-level Analyst,7,6,49.87,5246.44
user_818,ab5aa0fc2b1db853c331f697ea79ebd6f7368ae2e4007502f7588e15d9a85609,Products,Logistics Efficiency Enhancement,enabling-team,Logistics Optimizer,Analyzes logistical data to enhance warehouse efficiency and optimize transport routes.,combined,"intern + neutral (standard professional, no particular urgency or formality)","I'm working on a project to enhance our logistics processes and would like to access stock and warehouse data. By analyzing this data, I aim to help improve transport and distribution strategies, which can reduce downtime and costs and improve our service delivery. The findings could also assist in making informed decisions about where to place warehouses and how to allocate resources efficiently.",Accept,Junior Analyst,5,6,36.08,5282.51
user_818,9b65f2f2236bc85b26d1786f0b7a96fd739a453336bb573d5f484d48c3bf3b52,Benefit,Payment Integrity Monitor,contracts,FinGuard,Monitors payment activities to ensure financial accountability and irregularity detection.,combined,"senior manager + neutral (standard professional, no particular urgency or formality)","I would like to review the payment information fields to identify any irregularities that could lead to financial discrepancies in our claims payments process. By examining and rectifying any unusual or erroneous payment activities, we can uphold financial accountability and maintain transparency. This effort is crucial in ensuring we continue to build trust with our stakeholders through our commitment to precision and integrity in our financial operations.",Accept,Lead,6,7,69.82,5352.33
user_818,8ccec5190e0fee9d1102f2f61831f7a2691523a317e470562538743690f84b49,Payments,Refund Optimization Process,enabling-team,Refund Analysis Suite,Optimizes refund processes by analyzing transaction patterns and refund data.,combined,"junior analyst + neutral (standard professional, no particular urgency or formality)","Hi [Recipient's Name],

I'm looking to get access to data on refund transactions to help us improve how we handle returns. By going through the past refund data, I can find out the usual reasons for returns and suggest policy adjustments to boost customer satisfaction. I'll be focusing on the refund amounts and the related orders to see how we can make our return management and policies more efficient.

Thanks!",Reject,Junior Analyst,4,7,40.48,5392.81
user_818,3f5c9aa1b7ffcb1393b809500dd0a83f503db279fe04c2a97b724aab6c8b2e6d,Customers,Product Recommendations Engine,logistics,Recommendation Suite,Enhances customer shopping experience with tailored product recommendations.,combined,"executive/CEO + very hasty (typos, shorthand, missing punctuation, casual phrasing)",Hey need that cust purchase hist for new product rec algo we're rolling out. Want to tweak it so it throws up suggestions based on what they've bought/browsed b4. Aiming to boost customer experience with spot-on product recs.,Reject,Senior Manager,1,3,39.44,5432.26
user_818,3b5a95f87aa3a4e334a5991082808585dedc2531a3a8eddfe28e20ba9ed1455c,Life Insurance Contracts,Medical History Analysis for Fraud Detection,claims--benefit,Fraud Detection System,Detects potentially fraudulent claims by analyzing medical records and claims data.,combined,"executive/CEO + very hasty (typos, shorthand, missing punctuation, casual phrasing)",Need those med records from past claims ASAP wanna spot fraud patterns quick this'll help cut down on fraud and keep our claims solid,Reject,Mid-level Analyst,2,5,49.89,5482.15
user_818,b35b001d2c2c2926feff474c97eab61c46c11dbb5a6dbe90a382086561986a72,Underwriting Life Insurance,Claims Processing Optimization,claims--benefit,Claims Workflow Optimizer,Software to streamline claims processes by leveraging underwriting data to inform decisions.,none,Original Request,"The Claims & Benefit team seeks access to health risk assessments and exclusive third-party data as part of their effort to optimize claims processing workflows. By understanding the risk profiles comprehensively, the team aims to streamline claims adjudication processes, minimizing processing times, and improving claim resolution rates. This enhancement is expected to elevate customer satisfaction while reducing operational costs associated with prolonged claims handling.",Reject,Mid-level Analyst,5,None - Original Request,29.73,5511.88
user_818,fac6f5f3584daa491041adc14e93328f8d935df07736e0ce3e63b7a9be3fc210,Underwriting Life Insurance,Healthcare Marketing Campaign Targeting,marketing,Targeted Health Campaign Manager,A data application designed to tailor marketing campaigns specifically for audiences most interested in health insurance.,combined,"senior manager + very hasty (typos, shorthand, missing punctuation, casual phrasing)",Need access to public mortality models n health risk assessments ASAP. Gotta pinpoint target groups for health insurance products. This'll help us craft spot-on marketing campaigns n boost engagement n conversion rates. Big win for market presence n profits. Thx.,Reject,Mid-level Analyst,3,4,58.93,5570.82
user_818,b9a4865366feb253fe59726c67d3ce20cf7f87e6b776be6bb3d16b470584b098,Life Insurance Contracts,Customer Profiling for Personalized Marketing,marketing,Customer Profiling Engine,Generates customer profiles to tailor marketing campaigns for improved engagement.,combined,"junior analyst + very hasty (typos, shorthand, missing punctuation, casual phrasing)",hey can I get the policyholder base data? wanna make some cool marketing stuff that really clicks with each customer. need to see their demographics and what insurance they liked before so we can keep them engaged and loyal. thx!,Reject,Intern,2,5,37.84,5608.66
user_818,56e8a69b4bd313eb3e1c0de7f07d13a1d15983f84e3b6519c437d907b8bd40fb,Products,Internal Product Development Insights,shop-operations,Product Innovation Tracker,Enhances product development processes through lifecycle data analysis for better innovation outcomes.,combined,"intern + very formal (precise legal-style language, complete sentences, no contractions)","In the course of our examination of internal product development processes and results, we seek to acquire a comprehensive understanding of product lifecycle data and market reception metrics. This analysis is intended to inform the innovation pipeline from the initial stages of conceptualization through to the market launch, with the objective of more accurately addressing the needs of consumers.",Accept,Lead,5,6,56.19,5664.84
user_818,10b0c8f06a35c1c6202e0c15968967516981b46a27bf607982e753a071fc4858,Customers,Personalized Marketing Campaigns,marketing,Customer Insight Engine,Gathers and analyzes customer data to deliver targeted marketing content and promotions.,combined,"executive/CEO + very hasty (typos, shorthand, missing punctuation, casual phrasing)","Need mktg team to get cust data ASAP. Names, contacts, shopping habits - all that stuff. Want to send out super-targeted campaigns, get more personal. We’re talking tailored msgs, product recs, exclusive deals. Boost engagement, drive sales. Let's make it happen, thx",Reject,Senior Manager,2,5,36.55,5701.39
user_818,0739cf81637eb1d9549cc22694aa2f5d8db76033abcec1c37540c318fa028929,Products,Supplier Performance Monitoring,shop-operations,Supplier Insight Dashboard,Monitors and evaluates supplier performance metrics to drive improvements in supply chain management.,combined,"executive/CEO + neutral (standard professional, no particular urgency or formality)","I need access to supplier information and delivery timelines to evaluate their performance. This assessment is crucial for maintaining strong relationships and enhancing our order fulfillment processes by identifying top performers, assessing risks, and developing strategies for suppliers who need improvement.",Accept,Mid-level Analyst,5,7,38.59,5739.98
user_818,252a85ac2ad18245618f4340f7750e2760bd15d5b58065b9796fa0361432fe94,Products,Inventory Management Improvement,enabling-team,Smart Inventory Manager,Improves logistics operations by optimizing the inventory turnover through data analysis.,combined,"junior analyst + very hasty (typos, shorthand, missing punctuation, casual phrasing)","hey need some stock info asap like current lvls and where stuff is in warehouse so we can figure out inventory turnover. gotta make sure we got the right stuff in the right amounts, don’t wanna overstock or run out. helps us do logistics better and keep costs down. thx!",Reject,Intern,1,5,43.52,5783.5
user_818,55b95bdb81eb412d2ce229bca7de26e793877b212fa59ba41006d660c41698b0,Life Insurance Contracts,Beneficiary Verification,claims--benefit,Beneficiary Verification Tool,Confirms beneficiary data to secure the legitimacy of insurance claims.,none,Original Request,"To ensure the reliability of our policy payouts, we must verify the identities of beneficiaries listed under policyholder accounts. Accessing names and relationship data will significantly enhance our payout accuracy and reduce fraudulent claims.",Reject,Senior Manager,6,None - Original Request,18.21,5801.71
user_910,fac6f5f3584daa491041adc14e93328f8d935df07736e0ce3e63b7a9be3fc210,Underwriting Life Insurance,Healthcare Marketing Campaign Targeting,marketing,Targeted Health Campaign Manager,A data application designed to tailor marketing campaigns specifically for audiences most interested in health insurance.,combined,"senior manager + very hasty (typos, shorthand, missing punctuation, casual phrasing)",Need access to public mortality models n health risk assessments ASAP. Gotta pinpoint target groups ,Reject,Junior Analyst,1,6,98.38,98.5
user_910,d4ff8cc7eb39c6555258259773b2def6a4ce2b8b54a754db408184f3876c466f,Benefit,Marketing Target Optimization,marketing,Campaign Precision Tool,Optimizes marketing campaign timing and targeting based on client lifecycle and claim trends.,none,Original Request,"To optimize the targeting of our marketing campaigns, especially those involving offers on additiona",Accept,Senior Manager,7,None - Original Request,58.78,157.27
user_910,888b64a16b92e3bedd6945a5a72236f1baf5566689e952556e04ec4cfc3ae57b,Fulfilment,Customer Experience Enhancement,shop-operations,Customer Fulfilment Evaluation,Monitors and evaluates delivery performance and fulfilment accuracy to enhance customer service.,combined,"executive/CEO + neutral (standard professional, no particular urgency or formality)",Our goal is to enhance the customer experience by assessing how accurately we fulfill orders and our,Accept,Mid-level Analyst,7,6,72.14,229.42
user_910,65f5cdb43140198caa7e23942005802bc5ae739d3c3d5ad454c1b3a096855ebf,Customers,Payment Risk Assessment,platform-team,Risk Analysis Tool,Assesses payment method risks to secure transaction processes and reduce potential financial threats.,combined,"senior manager + very formal (precise legal-style language, complete sentences, no contractions)",The Platform Team intends to conduct a comprehensive assessment of potential risks associated with v,Reject,Lead,7,7,70.71,300.13
user_910,ac8a2ab33afbb175a22413ea976864182a046590cd60a4e1cb9565cfdfc053ba,Payments,Customer Analytics for Tailored Marketing,marketing,Customer Insights Dashboard,Gathers and analyzes customer data to enhance marketing strategies and campaign effectiveness.,combined,"senior manager + very hasty (typos, shorthand, missing punctuation, casual phrasing)",Need access to payment data ASAP to check out customer behavior. We wanna use this info for marketin,Reject,Junior Analyst,2,5,28.02,328.15
user_910,9b65f2f2236bc85b26d1786f0b7a96fd739a453336bb573d5f484d48c3bf3b52,Benefit,Payment Integrity Monitor,contracts,FinGuard,Monitors payment activities to ensure financial accountability and irregularity detection.,combined,"executive/CEO + very hasty (typos, shorthand, missing punctuation, casual phrasing)",Need data on payment info fields asap to check for weird stuff in claims payments. We gotta catch an,Reject,Junior Analyst,3,4,53.52,381.67
user_910,c11af745bcf38d34268d01441aaeca7d65952b88b29bf84cb975a5e48d0ae803,Benefit,Claims Forecasting System,underwriting,Claims Predictor,Forecasts future claims potential to improve staffing and budget planning.,combined,"senior manager + neutral (standard professional, no particular urgency or formality)","To enhance our resource allocation within claims management, I am requesting access to beneficiary a",Accept,Mid-level Analyst,7,7,31,412.67
user_910,daa1003c98c587ff960dc08ef8eb9ef6c5463484183a72983408a17bdebf7b70,Order,Customer Satisfaction Feedback Analysis,enabling-team,Customer Feedback Analyzer,Assesses customer feedback in relation to order fulfillment efficiency for improving service quality.,combined,"executive/CEO + very formal (precise legal-style language, complete sentences, no contractions)",I hereby formally request access to the order and shipping data for the purpose of correlating custo,Accept,Mid-level Analyst,7,7,57.57,470.24
user_910,64e471f296e53221766b63e67b4618d5c8fc6bed5b3375af5c8d80b66e35da03,Order Lines,Campaign Effectiveness Analysis,marketing,Campaign Insights Tool,Facilitates detailed analysis of marketing campaign performance to improve strategy and ROI.,combined,"junior analyst + neutral (standard professional, no particular urgency or formality)","Hi,

I would like to request access to the 'Order Lines' data product. Our team wants to check how w",Accept,Mid-level Analyst,6,6,46.72,516.96
user_910,1a75519c2f97e276bb5fb1d3494405b45de776bbe847b78f8c15efbc2951b485,Actor,Underwriting Audit Enhancement,underwriting,Underwriting Compliance Checker,Assures underwriting accuracy and compliance through comprehensive verification of financial and account data.,combined,"executive/CEO + neutral (standard professional, no particular urgency or formality)",I need access to the actors' payment details and their online account histories. This is part of an ,Accept,Junior Analyst,7,5,41.87,558.83
user_910,f9bac089dcd4cc6cd573eeeb5f974e75bab408a1e95ca79d30dbc63bd48a4781,Order Lines,Customer Spend Analysis,platform-team,Spend Analytics Platform,Offers insights into customer expenditure to inform loyalty programs and marketing strategies.,combined,"executive/CEO + very hasty (typos, shorthand, missing punctuation, casual phrasing)",Need quick access to 'Order Lines' data ASAP. Want to dig into spending patterns—gotta boost our loy,Accept,Junior Analyst,3,6,26.76,585.59
user_910,d1e088dc50f6d7cf88933f6762a7a08db49789cf5874e66cf2594e14f7a1c9e2,Payments,Product Pricing Strategy Enhancement,marketing,Dynamic Pricing Optimizer,Uses transaction data to fine-tune pricing strategies for revenue maximization.,combined,"executive/CEO + very hasty (typos, shorthand, missing punctuation, casual phrasing)","Need trans data asap. wanna tweak pricing strat. Check how ppl pay, find best price model, boost rev",Reject,Junior Analyst,1,3,19.26,604.85
user_910,64e471f296e53221766b63e67b4618d5c8fc6bed5b3375af5c8d80b66e35da03,Order Lines,Campaign Effectiveness Analysis,marketing,Campaign Insights Tool,Facilitates detailed analysis of marketing campaign performance to improve strategy and ROI.,combined,"executive/CEO + very hasty (typos, shorthand, missing punctuation, casual phrasing)",Need access to Order Lines data ASAP for the marketing team. Gotta check how our marketing campaigns,Accept,Mid-level Analyst,4,6,33.26,638.11
user_910,432fb8a48ecc0d440192903e44c6d3306cf9b14a985fcc9a64333635a03d1c5e,Actor,Premium Adjustment Justification,underwriting,Premium Analysis and Justification Tool,Justifies premium adjustments by evaluating customer risk through payment and contract data.,combined,"intern + neutral (standard professional, no particular urgency or formality)",I'm requesting access to data on actor payment methods and their related contracts. I need this info,Reject,Mid-level Analyst,6,5,73.13,711.24
user_910,e0414e7d6ebd9f33e9191d4c4ea67ca2f8f84e469e64c5b7bd5c0864af6acf75,Customers,Customer Satisfaction Enhancement,logistics,Satisfaction Optimizer,Analyzes feedback and order data to enhance customer shipping experiences and increase satisfaction.,combined,"intern + neutral (standard professional, no particular urgency or formality)","""I'd like to request access to data from past customer orders to review feedback on shipping and ord",Accept,Mid-level Analyst,5,6,30.86,742.1
user_910,87dfbd32e8d97085612ccdd5678d8fe469e7d33f253e16f39c6366e098d624fd,Marketing Campaigns,Unauthorized Data Access Review,actor,Security Breach Analysis Tool,Detects unauthorized data access by examining inconsistencies and anomalies within campaign data flows.,combined,"intern + very formal (precise legal-style language, complete sentences, no contractions)",The purpose of this request is to conduct an examination of the marketing campaign data to identify ,Reject,Lead,7,7,42.68,784.78
user_910,07c8f02a32df734a3f1157f3c089742e2784a09a08905ef9838e88529d66581c,Products,Consumer Demand Prediciton,enabling-team,Demand Forecasting Tool,Predicts consumer demand to optimize inventory levels and reduce holding costs.,none,Original Request,"To better forecast consumer demand, we will use product sales and review data combined with stock in",Accept,Senior Manager,6,None - Original Request,13.53,798.31
user_910,e0414e7d6ebd9f33e9191d4c4ea67ca2f8f84e469e64c5b7bd5c0864af6acf75,Customers,Customer Satisfaction Enhancement,logistics,Satisfaction Optimizer,Analyzes feedback and order data to enhance customer shipping experiences and increase satisfaction.,combined,"junior analyst + very hasty (typos, shorthand, missing punctuation, casual phrasing)",hey can I get access to past customer orders data? wanna check shipping and order stuff to see how w,Accept,Mid-level Analyst,1,6,17.87,816.18
user_910,16de1121d6a816ea5986959a1fa9271ef1e40eee7449b1f40cd5fa7466ed5576,Life Insurance Contracts,Insight Generation for Premium Adjustments,underwriting,Premium Adjustment Platform,Provides insights that guide dynamic premium setting strategies based on historical analysis.,combined,"executive/CEO + very hasty (typos, shorthand, missing punctuation, casual phrasing)","Need sum insured n premium data asap, wanna check how coverage levels n premium adjustments match up",Reject,Mid-level Analyst,1,3,26.59,842.76
user_910,5dcb6e66943e3aaebcc437340d2d1c1fc24f7f63cad51c00fe1ea7571c763588,Underwriting Life Insurance,Legal Compliance and Assurance Audits,actor,Compliance Assurance Audit Tool,A robust audit tool to ensure legal compliance using detailed underwriting data.,combined,"junior analyst + neutral (standard professional, no particular urgency or formality)","Hi [Recipient's Name],

I hope this message finds you well. Could I please get access to the public ",Reject,Senior Manager,7,2,41.13,883.89
user_910,cb20bf2ae3f891b71f0d80397f4d26c29e723efa4a2b3a7ddc8a1de1ff184913,Fulfilment,Internal Fraud Detection,enabling-team,Fraud Detection Module,Monitors and analyzes data to detect potential internal fraud within fulfilment operations.,none,Original Request,The Enabling Team requires fulfilment data to identify potential internal fraud. By cross-referencin,Accept,Lead,6,None - Original Request,26.61,910.5
user_910,07bc37d2571dc99c90d55b96b3b0e76b6e29c4b8a1223c2de197952be6bd64f0,Payments,Real-time Fraud Prevention Alerts,platform-team,Fraud Alert System,Enhances fraud prevention through real-time alerts and monitoring of transaction data.,combined,"senior manager + neutral (standard professional, no particular urgency or formality)",I would like to request access to real-time payment data. This information will allow us to develop ,Accept,Director,6,6,79.39,989.88
user_910,7d048068406f7736e510c9e426234e802e69de48346fa72c9b0e8efe73237c00,Order,Logistics Cost Optimization,logistics,Logistics Cost Analyzer,Analyzes shipping data to identify cost-saving opportunities and improve supply chain efficiency.,combined,"executive/CEO + very hasty (typos, shorthand, missing punctuation, casual phrasing)",Need access to order & delivery data asap logistics wants to see cost patterns for shipping options/,Reject,Senior Manager,1,3,43.58,1033.46
user_910,c858a5fca3357b6b0d6ec07a14b99958b615bf45be0ad0cfb4ff963aeaf38332,Order,Inventory Planning and Forecasting,marketing,Demand Forecasting Tool,Forecasts inventory needs based on order patterns to enhance supply chain efficiency and marketing alignment.,combined,"junior analyst + very hasty (typos, shorthand, missing punctuation, casual phrasing)","hey, need access to order data asap! gotta check out buying patterns to predict what we need in stoc",Accept,Mid-level Analyst,2,2,39.48,1072.94
user_910,ac8a2ab33afbb175a22413ea976864182a046590cd60a4e1cb9565cfdfc053ba,Payments,Customer Analytics for Tailored Marketing,marketing,Customer Insights Dashboard,Gathers and analyzes customer data to enhance marketing strategies and campaign effectiveness.,combined,"executive/CEO + very formal (precise legal-style language, complete sentences, no contractions)",The purpose of this request is to utilize payment data to conduct an analysis of customer behavior. ,Accept,Lead,6,7,43.06,1116
user_910,263dfa575890fa8f87e8684d69d126f641f4adf00b1b8109823550b98c1f9362,Order,Behavioral Pattern Analysis for Fraud Detection,platform-team,Fraud Detection System,Monitors transactions for inconsistencies to detect potential fraudulent activities and maintain platform security.,combined,"junior analyst + very hasty (typos, shorthand, missing punctuation, casual phrasing)",hey can i get order data real quick? the team wants to check for weird buying stuff that might be fr,Reject,Junior Analyst,2,4,38.57,1154.57
user_910,3f5c9aa1b7ffcb1393b809500dd0a83f503db279fe04c2a97b724aab6c8b2e6d,Customers,Product Recommendations Engine,logistics,Recommendation Suite,Enhances customer shopping experience with tailored product recommendations.,combined,"executive/CEO + neutral (standard professional, no particular urgency or formality)",The Logistics team is set to leverage customer purchase history in developing a product recommendati,Accept,Director,6,7,117.35,1271.92
user_910,9b65f2f2236bc85b26d1786f0b7a96fd739a453336bb573d5f484d48c3bf3b52,Benefit,Payment Integrity Monitor,contracts,FinGuard,Monitors payment activities to ensure financial accountability and irregularity detection.,combined,"senior manager + neutral (standard professional, no particular urgency or formality)",I would like to review the payment information fields to identify any irregularities that could lead,Accept,Senior Manager,6,7,42.39,1314.32
user_910,142e4fb86d9d5f1ace0539c5fbc6c7a9bf882d9248ad4a8003a3a5e6d6394209,Benefit,Strategic Claims API Development,actor,OpenClaim API,Enhances claim processing efficiency through strategic API development and integration.,combined,"executive/CEO + very hasty (typos, shorthand, missing punctuation, casual phrasing)",need quick access to benes & payment data for API tweaking. wanna spot how we can link up with other,Accept,Mid-level Analyst,1,3,27.88,1342.19
user_910,2fc4c8a71d04754448b1121b6342563f25610ced918a2011df399ca694927218,Campaigns,Sales Forecasting Engine,enabling-team,Sales Predictor,"Develops predictive models to forecast sales based on historical campaign data, enhancing strategic decision-making.",combined,"senior manager + very hasty (typos, shorthand, missing punctuation, casual phrasing)",need campaign data fast gotta build these new predictive sales models pronto they'll help us predict,Reject,Mid-level Analyst,1,3,33.95,1376.15
user_910,e69a8165208fd5582c0c37bb1c398e4251c6fccd6b0a7456d911a05bbca35e11,Order,Customer Churn Prediction Model,enabling-team,Churn Prediction Model,Predicts customer churn to facilitate targeted retention strategies and sustain business growth.,combined,"executive/CEO + very formal (precise legal-style language, complete sentences, no contractions)",The Enabling Team hereby formally requests access to pertinent data in order to develop a predictive,Accept,Director,7,7,65.36,1441.51
user_910,ab69b150ceb6c95ac766140389d6a38cd994394bd1ab55a7eb1063d152c76303,Underwriting Life Insurance,Customer Behavioral Prediction Analysis,marketing,Behavior Prediction Analyzer,A tool designed to predict customer behaviors impacting policy renewals and retention strategies.,combined,"senior manager + very hasty (typos, shorthand, missing punctuation, casual phrasing)",Hey need quick access to public risk data n health risk assessments. Marketing wants to use these fo,Accept,Lead,3,4,24.96,1466.47
user_910,f1f87a97b3dd323f998a2d29791af62eed42de380a4875bcb7db67883590587a,Underwriting Life Insurance,Comprehensive Market Analysis,marketing,Market Analysis Engine,Provides a detailed understanding of market dynamics and consumer credit trends for strategic development.,combined,"intern + neutral (standard professional, no particular urgency or formality)",I'm reaching out to request access to some third-party data and creditworthiness metrics for the Mar,Accept,Mid-level Analyst,6,6,36.77,1503.24
user_910,d2f8d46791b0306df33f72face4dbc9e79d9ea1f37c4826dd80c17167a2051b7,Order Lines,Product Return Analysis,logistics,Return Insight Analyzer,Analyzes return data to improve inventory management and reduce unwanted returns through actionable insights.,combined,"senior manager + very hasty (typos, shorthand, missing punctuation, casual phrasing)","Hey, need access to 'Order Lines' data asap. Lookin' to spot patterns in product returns—frequency, ",Accept,Mid-level Analyst,2,4,59.56,1562.8
user_910,e424e08b361ecb2eed041f24a721bba39c15103e1984f3e85d4764f4dcea7784,Benefit,Behavioral Underwriting Insights,underwriting,Behavioral Insight Engine,Provides insights for refined underwriting processes through behavioral data analysis.,combined,"junior analyst + very hasty (typos, shorthand, missing punctuation, casual phrasing)",hey just need access to the data on beneficiaries and payment info asap so we can do a behavioral an,Reject,Senior Manager,2,3,41.63,1604.43
user_910,b996e57f625ba5a93e4cc70ddb09583be42678227126aabe7506d1a9732a748f,Marketing Campaigns,Risk Profile Adjustment Modeling,underwriting,Dynamic Risk Modeler,Improves risk management by applying dynamic models based on integrated behavioral and marketing data insights.,combined,"junior analyst + very formal (precise legal-style language, complete sentences, no contractions)","In order to enhance our comprehension of customer behavior through marketing campaigns, it is impera",Reject,Executive/CEO,7,7,58.51,1662.94
user_910,1564cda9c4539cb75f1ec7a5fd5f195a667bb15351449d1d07873d2a952405ee,Fulfilment,Logistics Efficiency Analysis,shop-operations,Logistics Efficiency Tool,Analyzes logistics data to improve delivery speed and reduce costs.,combined,"junior analyst + very formal (precise legal-style language, complete sentences, no contractions)",I respectfully request access to the fulfilment data for the purpose of conducting an analysis on lo,Accept,Director,7,6,24.01,1686.95
user_910,8ccec5190e0fee9d1102f2f61831f7a2691523a317e470562538743690f84b49,Payments,Refund Optimization Process,enabling-team,Refund Analysis Suite,Optimizes refund processes by analyzing transaction patterns and refund data.,combined,"executive/CEO + very hasty (typos, shorthand, missing punctuation, casual phrasing)",Need refund data ASAP. Gotta check past transactions to see why ppl are returning stuff. It'll help ,Accept,Mid-level Analyst,3,6,29.86,1716.81
user_910,07bc37d2571dc99c90d55b96b3b0e76b6e29c4b8a1223c2de197952be6bd64f0,Payments,Real-time Fraud Prevention Alerts,platform-team,Fraud Alert System,Enhances fraud prevention through real-time alerts and monitoring of transaction data.,combined,"executive/CEO + very hasty (typos, shorthand, missing punctuation, casual phrasing)",Need real-time payment data ASAP. Gonna build a system to flag weird transactions—could be fraud. Ho,Reject,Mid-level Analyst,3,5,35.35,1752.16
user_910,8bb79c71c2c26f3e0a50ff08da40750acd7ae677ab2063ef21c8657579e68faf,Actor,Cross-sell Opportunities Discovery,marketing,Cross-sell Intelligence Platform,Identifies and suggests profitable cross-sell insurance products to existing customers based on their purchase patterns.,combined,"executive/CEO + very hasty (typos, shorthand, missing punctuation, casual phrasing)",Need contract links+payment info fast. Want to spot cross-sell opps in current customers. Gotta see ,Reject,Senior Manager,2,4,42.83,1794.99
user_910,9b65f2f2236bc85b26d1786f0b7a96fd739a453336bb573d5f484d48c3bf3b52,Benefit,Payment Integrity Monitor,contracts,FinGuard,Monitors payment activities to ensure financial accountability and irregularity detection.,combined,"executive/CEO + very formal (precise legal-style language, complete sentences, no contractions)","In order to mitigate the risk of financial discrepancies within our claims payment procedures, it is",Accept,Director,7,6,38.73,1833.72
user_910,dc84cdb4cbfaae31c5cc3d5abd92a253ae757178820a40f93e2bb1ba343122dc,Customers,Order Fulfillment Optimization,logistics,Fulfillment Predictor,Enhances logistical operations by forecasting order volumes and streamline fulfillment processes.,combined,"junior analyst + neutral (standard professional, no particular urgency or formality)","Hi [Recipient's Name],

I'm reaching out to request access to customer shipping information and orde",Reject,Lead,7,6,27.68,1861.41
user_910,bb0dfa312438f4a2edc55a28f07a83e32d3ba32dd4f056487291e59b3fe46d26,Customers,Targeted Retention Strategies,marketing,Retention Genius,Provides insights and develops strategies to enhance customer retention based on behavioral data.,combined,"intern + very hasty (typos, shorthand, missing punctuation, casual phrasing)","hey need data on customer buying habits & how much they engage w/us, so we can make cool retention s",Accept,Senior Manager,1,5,39.18,1900.59
user_910,569aece891f2a8d3ee80645eba515c0af80c714bb4036f25ac1a0d44e0b6309f,Payments,AI-driven Customer Service Enhancements,enabling-team,AI Service Enhancer,Uses AI to anticipate and resolve customer issues based on payment data anomalies.,combined,"intern + very formal (precise legal-style language, complete sentences, no contractions)",I am writing to formally request access to the payment data necessary for the purpose of training ar,Accept,Lead,7,4,59.63,1960.22
user_910,ab19af49dfaf765c37a9852fbfac73328cdbc036ac141b7b69dc0f72121611fb,Actor,Automatic Claim Processing,claims--benefit,Automated Claims Handler,Streamlines the claim verification process by automatically validating customer identity through prior contact and payment information.,combined,"intern + very formal (precise legal-style language, complete sentences, no contractions)","To enable the automatic processing of claims, the application necessitates access to the contact inf",Accept,Director,6,6,43.75,2003.97
user_910,569aece891f2a8d3ee80645eba515c0af80c714bb4036f25ac1a0d44e0b6309f,Payments,AI-driven Customer Service Enhancements,enabling-team,AI Service Enhancer,Uses AI to anticipate and resolve customer issues based on payment data anomalies.,combined,"junior analyst + neutral (standard professional, no particular urgency or formality)",I'm requesting access to payment data related to transactional anomalies. This data is needed to hel,Reject,Mid-level Analyst,6,3,39.52,2043.5
user_910,8542fd448abb4070ba8d661455c75f06ceae2f9323a775de1341fd3d91cb5fa3,Actor,Contract Renewal Prediction,contracts,Renewal Forecasting Model,Anticipates contract renewal opportunities through analysis of historic contract data and predicted changes in customer preferences.,combined,"executive/CEO + very formal (precise legal-style language, complete sentences, no contractions)","In order to enhance our ability to forecast contract renewals, I hereby formally request access to h",Accept,Director,7,7,37.71,2081.21
user_910,c11af745bcf38d34268d01441aaeca7d65952b88b29bf84cb975a5e48d0ae803,Benefit,Claims Forecasting System,underwriting,Claims Predictor,Forecasts future claims potential to improve staffing and budget planning.,combined,"junior analyst + very hasty (typos, shorthand, missing punctuation, casual phrasing)",hey can i get access to beneficiary n date data? need it to make models that predict future claims u,Reject,Junior Analyst,1,3,54.27,2135.48
user_910,85ab75585d5057038c61327a5591720d18423b59f24561a98664ed2a5462d4e2,Customers,Enhanced Customer Service Training,platform-team,Service Training Module,Develops enhanced customer service training based on data-driven insights about customer interactions.,combined,"junior analyst + neutral (standard professional, no particular urgency or formality)","Hi [Recipient's Name],

I'm reaching out to request access to anonymized data on our customer servic",Accept,Lead,7,6,23.06,2158.54
user_910,9fcc3376b1bf5b1897c2f65f61f0967d81890b9dae938017012b1799a341d60d,Campaigns,Channel Performance Assessment,platform-team,Ad Efficiency Analyzer,Analyzes channel performance to optimize ad placements and content distribution across the platform.,combined,"intern + very hasty (typos, shorthand, missing punctuation, casual phrasing)",hey can i get access to the campaign data? i need to check out the distribution channels to see how ,Reject,Senior Manager,2,3,33.36,2191.9
user_945,e424e08b361ecb2eed041f24a721bba39c15103e1984f3e85d4764f4dcea7784,Benefit,Behavioral Underwriting Insights,underwriting,Behavioral Insight Engine,Provides insights for refined underwriting processes through behavioral data analysis.,combined,"executive/CEO + very hasty (typos, shorthand, missing punctuation, casual phrasing)",Need data on beneficiaries & payment info ASAP. Gotta do a behavioral analysis—looking at client dem,Reject,Mid-level Analyst,3,4,38.26,38.39
user_945,eb0464e13d4264a8417e636f88b9d43e7d2f97d2e6a06637fae987c9a1a3f8fc,Actor,Targeted Marketing Campaigns,marketing,Precision Marketing Generator,Designs data-driven marketing strategies and campaigns targeting suitable potential customers.,combined,"junior analyst + neutral (standard professional, no particular urgency or formality)","Hi [Recipient's Name],

I hope you're doing well. I'm reaching out to ask for access to the data on ",Reject,Senior Manager,4,2,34.19,72.57
user_945,4ad861cf2fd4fe2a6bfd111155a4fccc16b08d3df9e29920c634dff4e6d95e0f,Actor,Risk Assessment Enhancement,underwriting,Enhanced Risk Assessment Tool,Utilizes advanced analytics to improve risk scoring by integrating digital and historical contract data.,combined,"junior analyst + neutral (standard professional, no particular urgency or formality)",I would like to request access to online account activities and links to previous contracts. This da,Reject,Senior Manager,2,4,75.43,148
user_945,94620844868947b8301d9020ea5a43e1735ca5f2e6aa6b425857158536775371,Marketing Campaigns,Behavioral Analysis in Underwriting,underwriting,Behavioral Assumption Recalibrator,Innovates underwriting processes by correlating marketing-driven consumer behaviors with risk evaluation models.,combined,"senior manager + very formal (precise legal-style language, complete sentences, no contractions)",It is our intention to conduct a comprehensive analysis of marketing targets and their purchasing be,Reject,Lead,2,4,20.31,168.31
user_945,578fc7428282f7b993611f2001293896cf4d07c3d21bf7b9cdb5427db47b5cc4,Benefit,Customer Retention Strategy,marketing,Loyalty Enhancement Platform,A system designed to enhance customer retention through analysis of claims timing and reasons.,combined,"intern + very formal (precise legal-style language, complete sentences, no contractions)",I respectfully request access to the data pertaining to the reasons and dates of recent claims. The ,Accept,Intern,5,4,18.52,186.83
user_945,09539123b5482ad80ae8d7c55bef767c851cb03b2422c6f790dde67ac62d7cdd,Campaigns,Strategic Marketing Alignment Analysis,enabling-team,Strategic Alignment App,"Analyzes marketing campaigns to align strategic goals with execution, enhancing brand consistency and market response.",combined,"senior manager + very hasty (typos, shorthand, missing punctuation, casual phrasing)",need campaign data asap team needs it to match marketing goals w/ ops they wanna see how stuff is wo,Accept,Director,1,3,113.88,300.71
user_945,e69a8165208fd5582c0c37bb1c398e4251c6fccd6b0a7456d911a05bbca35e11,Order,Customer Churn Prediction Model,enabling-team,Churn Prediction Model,Predicts customer churn to facilitate targeted retention strategies and sustain business growth.,combined,"intern + very formal (precise legal-style language, complete sentences, no contractions)",I respectfully submit a request for access to data necessary for the purpose of developing a custome,Accept,Mid-level Analyst,6,6,14.66,315.38
user_945,9bb72c376c7a95fcad77df5b4c8932db97596c79720e185d14de7ca2d2359e6c,Payments,Supply Chain Payment Flow Analysis,logistics,Supply Chain Finance Optimizer,Analyzes payment flow in the supply chain to identify and rectify inefficiencies.,combined,"senior manager + very formal (precise legal-style language, complete sentences, no contractions)",The primary objective is to optimize the finance aspect of the supply chain through the analysis of ,Accept,Director,5,6,17.45,332.83
user_945,c11af745bcf38d34268d01441aaeca7d65952b88b29bf84cb975a5e48d0ae803,Benefit,Claims Forecasting System,underwriting,Claims Predictor,Forecasts future claims potential to improve staffing and budget planning.,none,Original Request,"For better resource allocation in claims management, we require access to beneficiary and date data.",Accept,Senior Manager,5,None - Original Request,20.58,353.41
user_945,94620844868947b8301d9020ea5a43e1735ca5f2e6aa6b425857158536775371,Marketing Campaigns,Behavioral Analysis in Underwriting,underwriting,Behavioral Assumption Recalibrator,Innovates underwriting processes by correlating marketing-driven consumer behaviors with risk evaluation models.,combined,"junior analyst + neutral (standard professional, no particular urgency or formality)",I'm looking to analyze marketing targets and their purchasing habits to help improve our underwritin,Reject,Mid-level Analyst,4,3,15.07,368.48
user_945,ddd6996c2c695a204467776614aa52246ace9b5d015f8427e944f26c49a0b3f2,Payments,Shipping Charge Audit and Optimization,logistics,Shipping Efficiency Tracker,Analyzes and audits shipping charges to ensure consistency and accuracy in logistics.,combined,"junior analyst + very formal (precise legal-style language, complete sentences, no contractions)",I hereby request access to comprehensive payment information for the purpose of conducting an audit ,Accept,Junior Analyst,7,3,21.76,390.24
user_945,3e6df138892d6908a28f951eec68f5cc902c778c4db63e23540b9c7e0bdd4f6b,Marketing Campaigns,Policy Customization Algorithm,contracts,Custom Policy Advisor,Enhances the customer interaction experience by recommending personalized policy options based on data-driven insights.,combined,"executive/CEO + neutral (standard professional, no particular urgency or formality)",I would like access to the marketing campaign performance data. This will enable us to refine our al,Reject,Senior Manager,5,5,24.31,414.55
user_945,b149a2a869bc5197b3e7033b99b7d28c26651f8bc072da37ab542109bdc4e048,Actor,Fraud Detection Enhancement,claims--benefit,Enhanced Fraud Detection Solution,Leverages digital behavior and payment data to identify and address potential fraudulent claim activities.,combined,"intern + neutral (standard professional, no particular urgency or formality)",I'm looking to access detailed records of actor payment methods and activity levels in online accoun,Accept,Mid-level Analyst,5,5,15.51,430.06
user_945,65f5cdb43140198caa7e23942005802bc5ae739d3c3d5ad454c1b3a096855ebf,Customers,Payment Risk Assessment,platform-team,Risk Analysis Tool,Assesses payment method risks to secure transaction processes and reduce potential financial threats.,combined,"junior analyst + neutral (standard professional, no particular urgency or formality)","Hi [Recipient's Name],

I’m reaching out to request access to customer payment data. The Platform Te",Accept,Junior Analyst,4,4,27.43,457.49
user_945,eeb2ee18f83a79379cb976ff38c1d4504d72dbb38eefb76b20b5c42f0d6cf8c8,Fulfilment,Supplier Performance Assessment,marketing,Supplier Performance Evaluator,Evaluates supplier quality and delivery metrics to strengthen strategic partnerships.,none,Original Request,The Marketing Team wants access to fulfilment data to assess supplier performance. By analyzing 'KEP,Accept,Senior Manager,3,None - Original Request,27.93,485.41
user_945,b996e57f625ba5a93e4cc70ddb09583be42678227126aabe7506d1a9732a748f,Marketing Campaigns,Risk Profile Adjustment Modeling,underwriting,Dynamic Risk Modeler,Improves risk management by applying dynamic models based on integrated behavioral and marketing data insights.,combined,"intern + very hasty (typos, shorthand, missing punctuation, casual phrasing)","Hey, need to get some data on customer behavior from the marketing campaigns, like ASAP. It's for ch",Accept,Lead,2,2,31.73,517.14
user_945,a686d94a1c154beedb96f9df1fcfbb31d467f08858faa472c4baca8b25b95a48,Life Insurance Contracts,Pre-Approval Underwriting Analysis,underwriting,Pre-Approval Analysis Tool,Automates underwriting processes to accelerate the pre-approval phase and improve customer experience.,combined,"executive/CEO + very hasty (typos, shorthand, missing punctuation, casual phrasing)","Need policyholder data fast—prior med records, base data. Gotta get it into our underwriting models ",Reject,Senior Manager,1,2,13.28,530.42
user_945,3f5c9aa1b7ffcb1393b809500dd0a83f503db279fe04c2a97b724aab6c8b2e6d,Customers,Product Recommendations Engine,logistics,Recommendation Suite,Enhances customer shopping experience with tailored product recommendations.,combined,"senior manager + neutral (standard professional, no particular urgency or formality)",The Logistics team is working on integrating customer purchase history into our product recommendati,Accept,Mid-level Analyst,6,7,22.81,553.23
user_945,6a45424c65f670cb4a1cd4ca4abcc75622b59f0a07594ae24f0b229c8ce5800a,Life Insurance Contracts,Life Event Trigger Identification,marketing,Life Event Trigger System,Identifies significant life changes for targeted upselling and customer engagement.,combined,"executive/CEO + very formal (precise legal-style language, complete sentences, no contractions)","The objective of this request is to obtain and analyze data related to significant life events, such",Reject,Mid-level Analyst,5,4,40.05,593.28
user_945,8ccec5190e0fee9d1102f2f61831f7a2691523a317e470562538743690f84b49,Payments,Refund Optimization Process,enabling-team,Refund Analysis Suite,Optimizes refund processes by analyzing transaction patterns and refund data.,combined,"executive/CEO + neutral (standard professional, no particular urgency or formality)",I would like to request access to data on refund transactions to enhance our refund processes. By ex,Reject,Junior Analyst,5,4,20.47,613.75
user_945,1564cda9c4539cb75f1ec7a5fd5f195a667bb15351449d1d07873d2a952405ee,Fulfilment,Logistics Efficiency Analysis,shop-operations,Logistics Efficiency Tool,Analyzes logistics data to improve delivery speed and reduce costs.,combined,"junior analyst + very hasty (typos, shorthand, missing punctuation, casual phrasing)","hey, i kinda need access to the fulfilment data for shop ops. things like 'package', 'order', 'numbe",Reject,Intern,1,1,26.77,640.52
user_945,cfe9eae62c3e489ddaacc950dfdb89cf8633b9a1c46539ab6389084e541a275a,Campaigns,Cross-channel Performance Optimization,shop-operations,Channel Optimizer,Enhances promotional campaigns by analyzing and optimizing performance across different marketing channels.,combined,"executive/CEO + very hasty (typos, shorthand, missing punctuation, casual phrasing)","Need data to beef up shop ops team for promo campaigns. Wanna compare how they do across channels, s",Accept,Junior Analyst,2,2,42.75,683.26
user_945,f43e3914f3e8110aaedcea54dd9781057c917aee5a2bf3cb50fb727e1486d361,Underwriting Life Insurance,Predictive Loan Default Modeling,contracts,Loan Default Predictor,A predictive tool for assessing default risks among policyholders to inform financial decision-making.,combined,"senior manager + very formal (precise legal-style language, complete sentences, no contractions)",The Contracts team hereby formally proposes the utilization of creditworthiness data for the purpose,Accept,Senior Manager,6,6,37.7,720.96
user_945,d2f8d46791b0306df33f72face4dbc9e79d9ea1f37c4826dd80c17167a2051b7,Order Lines,Product Return Analysis,logistics,Return Insight Analyzer,Analyzes return data to improve inventory management and reduce unwanted returns through actionable insights.,combined,"executive/CEO + very formal (precise legal-style language, complete sentences, no contractions)","The Logistics Department seeks to conduct a comprehensive analysis of the ""Order Lines"" dataset to a",Reject,Mid-level Analyst,7,6,27.87,748.83
user_945,0739cf81637eb1d9549cc22694aa2f5d8db76033abcec1c37540c318fa028929,Products,Supplier Performance Monitoring,shop-operations,Supplier Insight Dashboard,Monitors and evaluates supplier performance metrics to drive improvements in supply chain management.,combined,"intern + neutral (standard professional, no particular urgency or formality)","""I'm looking to review supplier information and delivery timelines to evaluate their performance. Th",Accept,Intern,3,3,18.83,767.66
user_945,b831ed3e0e096652ebf1dbb49c09bbcd81e630b292ee1ee990c68e34ae135c0d,Marketing Campaigns,Cross-Sell Opportunity Maximizer,contracts,Cross-Sell Predictor,Predicts and identifies potential cross-selling opportunities leveraging historical and current customer data.,combined,"executive/CEO + neutral (standard professional, no particular urgency or formality)","Please provide access to the marketing campaign data, specifically focusing on the profiles of succe",Reject,Senior Manager,5,3,31.05,798.71
user_945,69c3cdbd4bf165b066ba62a40a9e9d153fce1276f8142f5045a7f5ff6abd9b65,Fulfilment,Inventory Management Enhancement,platform-team,Inventory Optimization System,Analyzes order data to anticipate inventory needs and optimize stock levels.,combined,"senior manager + very hasty (typos, shorthand, missing punctuation, casual phrasing)",Hey need access to 'order' n 'product' data ASAP. Team's lookin to up our inventory game by predicti,Reject,Intern,1,1,20.83,819.53
user_945,d4ff8cc7eb39c6555258259773b2def6a4ce2b8b54a754db408184f3876c466f,Benefit,Marketing Target Optimization,marketing,Campaign Precision Tool,Optimizes marketing campaign timing and targeting based on client lifecycle and claim trends.,combined,"intern + very hasty (typos, shorthand, missing punctuation, casual phrasing)",hey i need access to the date n reason data fields to help us better target our marketing stuff esp ,Reject,Senior Manager,3,3,17.97,837.5
user_945,fac6f5f3584daa491041adc14e93328f8d935df07736e0ce3e63b7a9be3fc210,Underwriting Life Insurance,Healthcare Marketing Campaign Targeting,marketing,Targeted Health Campaign Manager,A data application designed to tailor marketing campaigns specifically for audiences most interested in health insurance.,combined,"intern + very hasty (typos, shorthand, missing punctuation, casual phrasing)",hey can I get access to those public mortality models n health risk assessments? marketing wants to ,Reject,Intern,1,2,10.82,848.32
user_945,4e7fb0bc472b201d292093c0cba8d7cb72428a788b085dd835829f18834bf4f5,Fulfilment,Marketing Campaign Optimization,marketing,Campaign Analytics Platform,Analyzes fulfilment data to refine marketing strategies and customer engagement.,combined,"executive/CEO + very formal (precise legal-style language, complete sentences, no contractions)","In order to enhance the efficacy of our marketing campaigns, it is imperative that the Marketing Tea",Accept,Mid-level Analyst,7,5,21.86,870.18
user_945,5de826f8638ff6dd168934eb3da55530f3b28d04f50b7e2da0e3026a73c8ea38,Underwriting Life Insurance,Third-Party Risk Assessment Integration,actor,Third-Party Risk Manager,A comprehensive platform evaluating third-party risks and strengthening partnerships.,combined,"intern + very hasty (typos, shorthand, missing punctuation, casual phrasing)",hey can i get access to some third-party data n public risk data? we wanna mix it up with our stuff ,Reject,Mid-level Analyst,2,1,61.61,931.79
user_945,37fa85ba016c5b23aeeab56f01170bbdafaaeb853a83a843c9617482ef67a27e,Actor,Data-Driven Customer Outreach,marketing,Personalized Outreach Engine,Customizes outreach strategies tailored to individual customer preferences and behaviors to boost conversion rates.,combined,"intern + neutral (standard professional, no particular urgency or formality)",I'm looking to get some data on how our potential policyholders pay and whether they agree to share ,Reject,Intern,4,4,32.84,964.63
user_945,56e8a69b4bd313eb3e1c0de7f07d13a1d15983f84e3b6519c437d907b8bd40fb,Products,Internal Product Development Insights,shop-operations,Product Innovation Tracker,Enhances product development processes through lifecycle data analysis for better innovation outcomes.,combined,"senior manager + neutral (standard professional, no particular urgency or formality)",I'm looking to review our internal product development processes and outcomes. To innovate effective,Accept,Senior Manager,5,6,11.57,976.2
user_945,64e471f296e53221766b63e67b4618d5c8fc6bed5b3375af5c8d80b66e35da03,Order Lines,Campaign Effectiveness Analysis,marketing,Campaign Insights Tool,Facilitates detailed analysis of marketing campaign performance to improve strategy and ROI.,combined,"executive/CEO + very hasty (typos, shorthand, missing punctuation, casual phrasing)",Need access to Order Lines data ASAP for the marketing team. Gotta check how our marketing campaigns,Accept,Intern,3,5,13.57,989.76
user_945,5de826f8638ff6dd168934eb3da55530f3b28d04f50b7e2da0e3026a73c8ea38,Underwriting Life Insurance,Third-Party Risk Assessment Integration,actor,Third-Party Risk Manager,A comprehensive platform evaluating third-party risks and strengthening partnerships.,none,Original Request,The Actor team proposes integrating exclusive third-party data and public risk data for a refined th,Reject,Junior Analyst,3,None - Original Request,13.66,1003.43
user_945,9b65f2f2236bc85b26d1786f0b7a96fd739a453336bb573d5f484d48c3bf3b52,Benefit,Payment Integrity Monitor,contracts,FinGuard,Monitors payment activities to ensure financial accountability and irregularity detection.,combined,"intern + neutral (standard professional, no particular urgency or formality)",I'm requesting access to the payment information fields to check for any irregularities in our claim,Accept,Junior Analyst,5,4,11.72,1015.15
user_945,39aa9bfacfcc3308a652158344fc79f32fc14b57365d12dd8c7b252eb12abfe6,Products,Sales Strategy Development,platform-team,Sales Strategy Enhancer,Focuses on sales pattern analysis to improve sales strategies and align them with consumer expectations.,combined,"junior analyst + neutral (standard professional, no particular urgency or formality)",I'm looking to improve our sales strategies by studying sales patterns and customer feedback from ou,Accept,Junior Analyst,4,5,17.13,1032.28
user_945,980f7211ecc0b9866aed87755fb597ad504e36460d4c1ed1e342f790b70a77bb,Customers,Customer Behavior Analytics,platform-team,User Behavior Dashboard,Monitors and analyzes user interactions with the platform to inform interface improvements.,combined,"intern + very hasty (typos, shorthand, missing punctuation, casual phrasing)","hey, can I get access to the anonymized customer data? stuff like how often ppl log in & their order",Reject,Junior Analyst,3,4,14.64,1046.92
user_945,ab19af49dfaf765c37a9852fbfac73328cdbc036ac141b7b69dc0f72121611fb,Actor,Automatic Claim Processing,claims--benefit,Automated Claims Handler,Streamlines the claim verification process by automatically validating customer identity through prior contact and payment information.,combined,"executive/CEO + neutral (standard professional, no particular urgency or formality)",Our application needs access to actors' contact information and payment methods to validate identiti,Reject,Mid-level Analyst,5,5,11.77,1058.69
user_945,efe5995b6132a912b685011ccc6fe376e28b30dc03780017d6b27bfe49904cfa,Products,Marketing Trend Analysis,marketing,Campaign Effectiveness Tracker,Analyzes marketing data to identify successful strategies within product categories.,combined,"executive/CEO + neutral (standard professional, no particular urgency or formality)","To evaluate the success of our marketing campaigns across various product categories, I request a co",Accept,Senior Manager,6,5,15.55,1074.24
user_945,ad05cf3cf9a088417e1558ee42142ea5819f2575ec0d911951a4186757606cc3,Campaigns,Channel Performance Insights,logistics,Channel Insight Tool,Utilizes campaign data to align product distribution with market-driven demand across various channels.,combined,"intern + very hasty (typos, shorthand, missing punctuation, casual phrasing)","hey i need some info on how our campaigns are doing in diff channels for logistics planning, wanna s",Accept,Senior Manager,2,3,17.86,1092.1
user_945,9b65f2f2236bc85b26d1786f0b7a96fd739a453336bb573d5f484d48c3bf3b52,Benefit,Payment Integrity Monitor,contracts,FinGuard,Monitors payment activities to ensure financial accountability and irregularity detection.,combined,"executive/CEO + neutral (standard professional, no particular urgency or formality)",We are looking to review the payment information fields within our claims process to identify any po,Accept,Senior Manager,4,5,20.46,1112.56
user_945,cfe9eae62c3e489ddaacc950dfdb89cf8633b9a1c46539ab6389084e541a275a,Campaigns,Cross-channel Performance Optimization,shop-operations,Channel Optimizer,Enhances promotional campaigns by analyzing and optimizing performance across different marketing channels.,combined,"intern + very hasty (typos, shorthand, missing punctuation, casual phrasing)",hey can i get access to data on how our promotions are doing across diff channels? need to see what',Reject,Director,1,2,16.01,1128.57
user_945,e0414e7d6ebd9f33e9191d4c4ea67ca2f8f84e469e64c5b7bd5c0864af6acf75,Customers,Customer Satisfaction Enhancement,logistics,Satisfaction Optimizer,Analyzes feedback and order data to enhance customer shipping experiences and increase satisfaction.,combined,"senior manager + neutral (standard professional, no particular urgency or formality)",I would like to request access to data from past customer orders to review feedback concerning shipp,Accept,Lead,4,3,27.79,1156.36
user_945,cb20bf2ae3f891b71f0d80397f4d26c29e723efa4a2b3a7ddc8a1de1ff184913,Fulfilment,Internal Fraud Detection,enabling-team,Fraud Detection Module,Monitors and analyzes data to detect potential internal fraud within fulfilment operations.,none,Original Request,The Enabling Team requires fulfilment data to identify potential internal fraud. By cross-referencin,Accept,Mid-level Analyst,6,None - Original Request,14.63,1170.98
user_945,1564cda9c4539cb75f1ec7a5fd5f195a667bb15351449d1d07873d2a952405ee,Fulfilment,Logistics Efficiency Analysis,shop-operations,Logistics Efficiency Tool,Analyzes logistics data to improve delivery speed and reduce costs.,combined,"senior manager + neutral (standard professional, no particular urgency or formality)","I would like to request access to the fulfilment data for our Shop Operations team. Specifically, we",Accept,Mid-level Analyst,5,6,36.59,1207.58
user_945,c858a5fca3357b6b0d6ec07a14b99958b615bf45be0ad0cfb4ff963aeaf38332,Order,Inventory Planning and Forecasting,marketing,Demand Forecasting Tool,Forecasts inventory needs based on order patterns to enhance supply chain efficiency and marketing alignment.,combined,"senior manager + neutral (standard professional, no particular urgency or formality)",I would like to request access to order data for the Marketing team. This will enable us to analyze ,Accept,Lead,6,7,22.61,1230.18
user_945,ab69b150ceb6c95ac766140389d6a38cd994394bd1ab55a7eb1063d152c76303,Underwriting Life Insurance,Customer Behavioral Prediction Analysis,marketing,Behavior Prediction Analyzer,A tool designed to predict customer behaviors impacting policy renewals and retention strategies.,combined,"senior manager + very formal (precise legal-style language, complete sentences, no contractions)",The Marketing Division seeks authorization to access public risk data and health risk assessments fo,Reject,Senior Manager,6,5,49.74,1279.92
user_945,07aeedcfdfa66dbf0c568f00f3486debce3b638a5ee08d03331bf39fa84a7841,Campaigns,Channel Impact Evaluation,platform-team,Impact Evaluator,Evaluates marketing campaign impacts to refine content delivery systems and improve user engagement on the platform.,combined,"executive/CEO + very formal (precise legal-style language, complete sentences, no contractions)","In pursuit of optimizing the platform's capabilities, I hereby request a comprehensive analysis of c",Reject,Director,7,7,72.75,1352.67
user_945,65f5cdb43140198caa7e23942005802bc5ae739d3c3d5ad454c1b3a096855ebf,Customers,Payment Risk Assessment,platform-team,Risk Analysis Tool,Assesses payment method risks to secure transaction processes and reduce potential financial threats.,combined,"executive/CEO + very hasty (typos, shorthand, missing punctuation, casual phrasing)",Need payment data ASAP—checking risks w/ payment methods. Gotta make sure transactions are secure. T,Reject,Lead,1,1,134.63,1487.31
user_534,07bc37d2571dc99c90d55b96b3b0e76b6e29c4b8a1223c2de197952be6bd64f0,Payments,Real-time Fraud Prevention Alerts,platform-team,Fraud Alert System,Enhances fraud prevention through real-time alerts and monitoring of transaction data.,combined,"executive/CEO + very formal (precise legal-style language, complete sentences, no contractions)",In order to develop a system capable of issuing alerts in instances where a transaction deviates fro,Accept,Lead,5,4,104.66,104.79
user_534,8542fd448abb4070ba8d661455c75f06ceae2f9323a775de1341fd3d91cb5fa3,Actor,Contract Renewal Prediction,contracts,Renewal Forecasting Model,Anticipates contract renewal opportunities through analysis of historic contract data and predicted changes in customer preferences.,combined,"intern + very formal (precise legal-style language, complete sentences, no contractions)","Dear [Recipient's Name],

I am writing to request access to specific data for the purpose of conduct",Reject,Mid-level Analyst,5,3,44.26,149.05
user_534,1a75519c2f97e276bb5fb1d3494405b45de776bbe847b78f8c15efbc2951b485,Actor,Underwriting Audit Enhancement,underwriting,Underwriting Compliance Checker,Assures underwriting accuracy and compliance through comprehensive verification of financial and account data.,combined,"intern + neutral (standard professional, no particular urgency or formality)",I would like to request access to the actors' payment details and online account history for an audi,Reject,Senior Manager,4,6,40.97,190.02
user_534,9fcc3376b1bf5b1897c2f65f61f0967d81890b9dae938017012b1799a341d60d,Campaigns,Channel Performance Assessment,platform-team,Ad Efficiency Analyzer,Analyzes channel performance to optimize ad placements and content distribution across the platform.,combined,"intern + neutral (standard professional, no particular urgency or formality)",I would like to request access to the campaign data related to distribution channels. This informati,Accept,Mid-level Analyst,3,4,52.44,242.46
user_534,b9a4865366feb253fe59726c67d3ce20cf7f87e6b776be6bb3d16b470584b098,Life Insurance Contracts,Customer Profiling for Personalized Marketing,marketing,Customer Profiling Engine,Generates customer profiles to tailor marketing campaigns for improved engagement.,combined,"intern + very hasty (typos, shorthand, missing punctuation, casual phrasing)",hey so i need the data on policyholders u know like demographics n past insurance choices so we can ,Reject,Intern,1,2,23.65,266.1
user_534,29942dab780c0abe694cf73ff4a732f06a41c6a3bd91edf08162020aad26da75,Products,Price Margin Optimization,platform-team,Price Optimization Engine,A tool for analyzing and optimizing product pricing based on cost data and market conditions.,combined,"junior analyst + very hasty (typos, shorthand, missing punctuation, casual phrasing)",need access to pricing info like buy price & margin info so we can tweak pricing models. wanna make ,Reject,Senior Manager,2,5,33.01,299.11
user_534,3f5c9aa1b7ffcb1393b809500dd0a83f503db279fe04c2a97b724aab6c8b2e6d,Customers,Product Recommendations Engine,logistics,Recommendation Suite,Enhances customer shopping experience with tailored product recommendations.,combined,"executive/CEO + very formal (precise legal-style language, complete sentences, no contractions)",I hereby formally request access to the customer purchase history data for the purpose of integratin,Reject,Mid-level Analyst,5,6,247.97,547.08
user_534,0ef1c80eb3c57b2e6cca3237f9150b24c19508a4457969a0cff5ba4b5665e859,Marketing Campaigns,Competitive Positioning Analysis,actor,Competitive Insights Dashboard,Provides market positioning reports and competitive analysis insights to guide strategic business decisions.,combined,"senior manager + very formal (precise legal-style language, complete sentences, no contractions)",I hereby formally request access to the marketing campaign data for the purpose of conducting a thor,Accept,Junior Analyst,5,6,41.3,588.38
user_534,37fa85ba016c5b23aeeab56f01170bbdafaaeb853a83a843c9617482ef67a27e,Actor,Data-Driven Customer Outreach,marketing,Personalized Outreach Engine,Customizes outreach strategies tailored to individual customer preferences and behaviors to boost conversion rates.,combined,"executive/CEO + very hasty (typos, shorthand, missing punctuation, casual phrasing)",Need quick access to data on pmt methods & consents for mktg. Want to tweak our comms to match how p,Reject,Director,2,3,38.29,626.67
user_534,9fcc3376b1bf5b1897c2f65f61f0967d81890b9dae938017012b1799a341d60d,Campaigns,Channel Performance Assessment,platform-team,Ad Efficiency Analyzer,Analyzes channel performance to optimize ad placements and content distribution across the platform.,combined,"junior analyst + very formal (precise legal-style language, complete sentences, no contractions)",I respectfully request access to the campaign data specifically pertaining to the channels of distri,Accept,Mid-level Analyst,5,5,175.34,802.01
user_534,31db55b24dbe49bf94e9e4dfb72eeb4fb25b38b383dcdd78aaa2fa4e31da76f4,Benefit,Fraud Detection Enhancement,actor,FraudShield,A strategic application enhancing fraud detection through detailed claims data analysis.,combined,"senior manager + very hasty (typos, shorthand, missing punctuation, casual phrasing)",Need data on beneficiaries & payment info ASAP - gotta boost fraud detection. Want to catch weird cl,Accept,Lead,2,4,28.24,830.24
user_534,f43e3914f3e8110aaedcea54dd9781057c917aee5a2bf3cb50fb727e1486d361,Underwriting Life Insurance,Predictive Loan Default Modeling,contracts,Loan Default Predictor,A predictive tool for assessing default risks among policyholders to inform financial decision-making.,combined,"executive/CEO + neutral (standard professional, no particular urgency or formality)",I am considering the use of creditworthiness data to create predictive models for assessing loan def,Reject,Senior Manager,5,5,49.09,879.34
user_534,f43e3914f3e8110aaedcea54dd9781057c917aee5a2bf3cb50fb727e1486d361,Underwriting Life Insurance,Predictive Loan Default Modeling,contracts,Loan Default Predictor,A predictive tool for assessing default risks among policyholders to inform financial decision-making.,combined,"senior manager + very hasty (typos, shorthand, missing punctuation, casual phrasing)",hey need access to creditworthiness data ASAP wanna build some predictive models for loan default ri,Reject,Director,3,4,25.47,904.81
user_534,87dfbd32e8d97085612ccdd5678d8fe469e7d33f253e16f39c6366e098d624fd,Marketing Campaigns,Unauthorized Data Access Review,actor,Security Breach Analysis Tool,Detects unauthorized data access by examining inconsistencies and anomalies within campaign data flows.,combined,"executive/CEO + very hasty (typos, shorthand, missing punctuation, casual phrasing)",Hey need quick look at marketing campaign data check for any weird access to customer info wanna cat,Accept,Director,1,3,19.08,923.89
user_534,a123ff379b4304b724362b7d33ce51c74fa25197af337882f4228124ce94a4af,Life Insurance Contracts,Enhanced Retention Strategies,marketing,Retention Strategy Analyzer,Analyzes historical data to devise strategies for improving customer retention rates.,none,Original Request,"By analyzing historical data on premiums and contract terms, we aim to develop strategies to minimiz",Accept,Senior Manager,4,None - Original Request,36.14,960.03
user_534,6a45424c65f670cb4a1cd4ca4abcc75622b59f0a07594ae24f0b229c8ce5800a,Life Insurance Contracts,Life Event Trigger Identification,marketing,Life Event Trigger System,Identifies significant life changes for targeted upselling and customer engagement.,combined,"senior manager + neutral (standard professional, no particular urgency or formality)","I would like to gain insights into significant life events, such as marriage or childbirth, from our",Accept,Senior Manager,5,6,28.32,988.35
user_534,85ab75585d5057038c61327a5591720d18423b59f24561a98664ed2a5462d4e2,Customers,Enhanced Customer Service Training,platform-team,Service Training Module,Develops enhanced customer service training based on data-driven insights about customer interactions.,combined,"executive/CEO + neutral (standard professional, no particular urgency or formality)",I would like to request access to anonymized data on customer service interactions. This information,Accept,Mid-level Analyst,5,5,33.28,1021.63
user_534,07aeedcfdfa66dbf0c568f00f3486debce3b638a5ee08d03331bf39fa84a7841,Campaigns,Channel Impact Evaluation,platform-team,Impact Evaluator,Evaluates marketing campaign impacts to refine content delivery systems and improve user engagement on the platform.,combined,"junior analyst + very hasty (typos, shorthand, missing punctuation, casual phrasing)",hey need data 4 campgn impacts on diff channels 2 help platform team improve content delivery n user,Reject,Senior Manager,1,2,36.79,1058.42
user_534,578fc7428282f7b993611f2001293896cf4d07c3d21bf7b9cdb5427db47b5cc4,Benefit,Customer Retention Strategy,marketing,Loyalty Enhancement Platform,A system designed to enhance customer retention through analysis of claims timing and reasons.,combined,"executive/CEO + neutral (standard professional, no particular urgency or formality)",I would like to access data on the reasons and dates of recent claims to analyze client trends and i,Reject,Lead,6,7,22.5,1080.93
user_534,c11af745bcf38d34268d01441aaeca7d65952b88b29bf84cb975a5e48d0ae803,Benefit,Claims Forecasting System,underwriting,Claims Predictor,Forecasts future claims potential to improve staffing and budget planning.,none,Original Request,"For better resource allocation in claims management, we require access to beneficiary and date data.",Accept,Lead,5,None - Original Request,14.14,1095.07
user_534,b831ed3e0e096652ebf1dbb49c09bbcd81e630b292ee1ee990c68e34ae135c0d,Marketing Campaigns,Cross-Sell Opportunity Maximizer,contracts,Cross-Sell Predictor,Predicts and identifies potential cross-selling opportunities leveraging historical and current customer data.,combined,"junior analyst + neutral (standard professional, no particular urgency or formality)","I'm looking to access marketing campaign data, especially information about successful target profil",Accept,Senior Manager,3,5,28.09,1123.16
user_534,10b0c8f06a35c1c6202e0c15968967516981b46a27bf607982e753a071fc4858,Customers,Personalized Marketing Campaigns,marketing,Customer Insight Engine,Gathers and analyzes customer data to deliver targeted marketing content and promotions.,combined,"executive/CEO + very formal (precise legal-style language, complete sentences, no contractions)",The Marketing Department seeks to utilize customer data in order to develop marketing campaigns that,Reject,Senior Manager,6,6,207.98,1331.14
user_534,c858a5fca3357b6b0d6ec07a14b99958b615bf45be0ad0cfb4ff963aeaf38332,Order,Inventory Planning and Forecasting,marketing,Demand Forecasting Tool,Forecasts inventory needs based on order patterns to enhance supply chain efficiency and marketing alignment.,combined,"junior analyst + neutral (standard professional, no particular urgency or formality)","Hi,

I’d like to request access to order data for the Marketing team. We need this information to lo",Reject,Intern,4,4,32.76,1363.9
user_534,586a03f1880794102b711bbfe8cdf2c782b00055377ee61d335b5374f58f5576,Products,Competitor Pricing Analysis,platform-team,Market Positioning Analyzer,Provides analytical insights into competitor pricing strategies to optimize our market pricing decisions.,combined,"executive/CEO + very formal (precise legal-style language, complete sentences, no contractions)",It is imperative to acquire an understanding of competitor pricing strategies through the analysis o,Accept,Executive/CEO,5,7,51.68,1415.58
user_534,4ad861cf2fd4fe2a6bfd111155a4fccc16b08d3df9e29920c634dff4e6d95e0f,Actor,Risk Assessment Enhancement,underwriting,Enhanced Risk Assessment Tool,Utilizes advanced analytics to improve risk scoring by integrating digital and historical contract data.,combined,"junior analyst + very hasty (typos, shorthand, missing punctuation, casual phrasing)","hey, super quick – need access to online acct activities & links to old contracts for refining our u",Reject,Senior Manager,1,5,65.32,1480.91
user_534,ccf085ed0eca44d6c24d68f764389e2d6b1d182ffedffa60d99cc70d59d37272,Actor,Customer Trust Analysis,marketing,Customer Trust Management,Enhances customer relations and trust by improving communication related to data and privacy practices.,combined,"intern + very hasty (typos, shorthand, missing punctuation, casual phrasing)",hey i need access to contact info & data usage consents from folks with current contracts. wanna loo,Reject,Mid-level Analyst,4,3,94.46,1575.37
user_534,9b65f2f2236bc85b26d1786f0b7a96fd739a453336bb573d5f484d48c3bf3b52,Benefit,Payment Integrity Monitor,contracts,FinGuard,Monitors payment activities to ensure financial accountability and irregularity detection.,combined,"intern + very formal (precise legal-style language, complete sentences, no contractions)","In order to prevent financial discrepancies within the claims payments process, I respectfully reque",Accept,Director,7,7,54.89,1630.26
user_534,1a75519c2f97e276bb5fb1d3494405b45de776bbe847b78f8c15efbc2951b485,Actor,Underwriting Audit Enhancement,underwriting,Underwriting Compliance Checker,Assures underwriting accuracy and compliance through comprehensive verification of financial and account data.,combined,"junior analyst + neutral (standard professional, no particular urgency or formality)",I would like to request access to the actors' payment details and their online account history. This,Reject,Senior Manager,5,6,32.75,1663.01
user_534,ab5aa0fc2b1db853c331f697ea79ebd6f7368ae2e4007502f7588e15d9a85609,Products,Logistics Efficiency Enhancement,enabling-team,Logistics Optimizer,Analyzes logistical data to enhance warehouse efficiency and optimize transport routes.,combined,"senior manager + very formal (precise legal-style language, complete sentences, no contractions)","In order to enhance logistics efficiency, I hereby formally request access to stock and warehouse da",Accept,Director,6,7,39.89,1702.9
user_534,65f5cdb43140198caa7e23942005802bc5ae739d3c3d5ad454c1b3a096855ebf,Customers,Payment Risk Assessment,platform-team,Risk Analysis Tool,Assesses payment method risks to secure transaction processes and reduce potential financial threats.,combined,"intern + neutral (standard professional, no particular urgency or formality)","Hi [Recipient's Name],

I hope you're doing well. I'm reaching out to request access to customer pay",Reject,Mid-level Analyst,4,6,28.56,1731.46
user_534,1a75519c2f97e276bb5fb1d3494405b45de776bbe847b78f8c15efbc2951b485,Actor,Underwriting Audit Enhancement,underwriting,Underwriting Compliance Checker,Assures underwriting accuracy and compliance through comprehensive verification of financial and account data.,combined,"executive/CEO + very formal (precise legal-style language, complete sentences, no contractions)",I hereby formally request access to the payment information and online account history of actors for,Accept,Director,7,7,39.76,1771.22
user_534,1a75519c2f97e276bb5fb1d3494405b45de776bbe847b78f8c15efbc2951b485,Actor,Underwriting Audit Enhancement,underwriting,Underwriting Compliance Checker,Assures underwriting accuracy and compliance through comprehensive verification of financial and account data.,combined,"intern + very hasty (typos, shorthand, missing punctuation, casual phrasing)",hey can i get access to the actors' pay info and online account hist? it's for an audit we're doing ,Reject,Junior Analyst,1,7,94.9,1866.11
user_534,c11af745bcf38d34268d01441aaeca7d65952b88b29bf84cb975a5e48d0ae803,Benefit,Claims Forecasting System,underwriting,Claims Predictor,Forecasts future claims potential to improve staffing and budget planning.,combined,"junior analyst + neutral (standard professional, no particular urgency or formality)",I'm working on a project to help us manage resources more effectively in our claims department. To d,Accept,Mid-level Analyst,4,6,36.63,1902.75
user_534,7d048068406f7736e510c9e426234e802e69de48346fa72c9b0e8efe73237c00,Order,Logistics Cost Optimization,logistics,Logistics Cost Analyzer,Analyzes shipping data to identify cost-saving opportunities and improve supply chain efficiency.,combined,"junior analyst + very formal (precise legal-style language, complete sentences, no contractions)","To Whom It May Concern,

I am writing to formally request access to the order and delivery data on b",Accept,Director,7,7,68.39,1971.13
user_534,8ccec5190e0fee9d1102f2f61831f7a2691523a317e470562538743690f84b49,Payments,Refund Optimization Process,enabling-team,Refund Analysis Suite,Optimizes refund processes by analyzing transaction patterns and refund data.,combined,"intern + very hasty (typos, shorthand, missing punctuation, casual phrasing)",hey can i get data on refund transactions asap? need to check out past refunds to see why ppl are re,Reject,Junior Analyst,1,6,39.95,2011.08
user_534,432fb8a48ecc0d440192903e44c6d3306cf9b14a985fcc9a64333635a03d1c5e,Actor,Premium Adjustment Justification,underwriting,Premium Analysis and Justification Tool,Justifies premium adjustments by evaluating customer risk through payment and contract data.,combined,"junior analyst + neutral (standard professional, no particular urgency or formality)",I'm requesting access to data on actor payment methods and their connected contracts. The goal is to,Reject,Mid-level Analyst,5,7,37.37,2048.46
user_534,16de1121d6a816ea5986959a1fa9271ef1e40eee7449b1f40cd5fa7466ed5576,Life Insurance Contracts,Insight Generation for Premium Adjustments,underwriting,Premium Adjustment Platform,Provides insights that guide dynamic premium setting strategies based on historical analysis.,combined,"executive/CEO + very hasty (typos, shorthand, missing punctuation, casual phrasing)","Need sum insured n premium data asap, wanna check how coverage levels n premium adjustments match up",Reject,Junior Analyst,1,5,44.9,2093.35
user_534,55b95bdb81eb412d2ce229bca7de26e793877b212fa59ba41006d660c41698b0,Life Insurance Contracts,Beneficiary Verification,claims--benefit,Beneficiary Verification Tool,Confirms beneficiary data to secure the legitimacy of insurance claims.,combined,"executive/CEO + neutral (standard professional, no particular urgency or formality)",I would like to request access to the names and relationship data of beneficiaries listed under poli,Reject,Mid-level Analyst,5,6,46.11,2139.47
user_534,dc84cdb4cbfaae31c5cc3d5abd92a253ae757178820a40f93e2bb1ba343122dc,Customers,Order Fulfillment Optimization,logistics,Fulfillment Predictor,Enhances logistical operations by forecasting order volumes and streamline fulfillment processes.,combined,"executive/CEO + very hasty (typos, shorthand, missing punctuation, casual phrasing)",Need quick access to cust shipping info n order history for the logistics crew. Gotta analyze shipme,Accept,Junior Analyst,1,6,38.12,2177.59
user_534,d4ff8cc7eb39c6555258259773b2def6a4ce2b8b54a754db408184f3876c466f,Benefit,Marketing Target Optimization,marketing,Campaign Precision Tool,Optimizes marketing campaign timing and targeting based on client lifecycle and claim trends.,combined,"intern + neutral (standard professional, no particular urgency or formality)",I am requesting access to the date and reason data fields to help improve our marketing campaigns. B,Accept,Mid-level Analyst,5,6,29.58,2207.17
user_534,e8b56c6863caf762d5cff4c5f057d40c8fcd736da34ed6c484c277ba30131a17,Order,Customer Demographics Insight,marketing,Customer Insight Analyzer,Analyzes customer demographics and behaviors to optimize marketing strategies,combined,"intern + very formal (precise legal-style language, complete sentences, no contractions)",I am writing to formally request access to the order data on behalf of the Marketing team. The purpo,Accept,Director,7,7,45.25,2252.42
user_534,d4ff8cc7eb39c6555258259773b2def6a4ce2b8b54a754db408184f3876c466f,Benefit,Marketing Target Optimization,marketing,Campaign Precision Tool,Optimizes marketing campaign timing and targeting based on client lifecycle and claim trends.,combined,"intern + very formal (precise legal-style language, complete sentences, no contractions)","I am writing to formally request access to the specific data fields pertaining to dates and reasons,",Reject,Director,7,7,38.51,2290.93
user_534,a123ff379b4304b724362b7d33ce51c74fa25197af337882f4228124ce94a4af,Life Insurance Contracts,Enhanced Retention Strategies,marketing,Retention Strategy Analyzer,Analyzes historical data to devise strategies for improving customer retention rates.,combined,"junior analyst + very hasty (typos, shorthand, missing punctuation, casual phrasing)","""hey need 2 look at past data on premiums n contracts wanna figure out how changes in premiums or co",Reject,Junior Analyst,1,6,35.86,2326.78
user_534,6a45424c65f670cb4a1cd4ca4abcc75622b59f0a07594ae24f0b229c8ce5800a,Life Insurance Contracts,Life Event Trigger Identification,marketing,Life Event Trigger System,Identifies significant life changes for targeted upselling and customer engagement.,combined,"executive/CEO + very formal (precise legal-style language, complete sentences, no contractions)","The objective of this request is to obtain and analyze data related to significant life events, such",Reject,Director,5,6,30.28,2357.06
user_534,b831ed3e0e096652ebf1dbb49c09bbcd81e630b292ee1ee990c68e34ae135c0d,Marketing Campaigns,Cross-Sell Opportunity Maximizer,contracts,Cross-Sell Predictor,Predicts and identifies potential cross-selling opportunities leveraging historical and current customer data.,combined,"executive/CEO + very formal (precise legal-style language, complete sentences, no contractions)","In pursuit of optimizing our strategic initiatives, I hereby formally request access to the marketin",Reject,Director,7,7,34.68,2391.74
user_534,a123ff379b4304b724362b7d33ce51c74fa25197af337882f4228124ce94a4af,Life Insurance Contracts,Enhanced Retention Strategies,marketing,Retention Strategy Analyzer,Analyzes historical data to devise strategies for improving customer retention rates.,combined,"executive/CEO + very hasty (typos, shorthand, missing punctuation, casual phrasing)",Need data on past premiums & contract terms. Want to strategize on cutting policy lapses. How do cha,Accept,Mid-level Analyst,2,6,33.81,2425.55
user_534,bd7b9717630b7177aecf10a02c0dcbdb02b9d42dce0a5215ae1dc5d541eae71e,Order Lines,Logistics Demand Forecasting,logistics,Demand Forecasting System,Enhances stock and resource allocation by predicting product demand with high accuracy.,combined,"executive/CEO + very hasty (typos, shorthand, missing punctuation, casual phrasing)",Need access to 'Order Lines' data thru API asap. Logistics team wants to tweak demand forecast algos,Accept,Junior Analyst,1,6,43.45,2469
user_534,b9a4865366feb253fe59726c67d3ce20cf7f87e6b776be6bb3d16b470584b098,Life Insurance Contracts,Customer Profiling for Personalized Marketing,marketing,Customer Profiling Engine,Generates customer profiles to tailor marketing campaigns for improved engagement.,combined,"junior analyst + very hasty (typos, shorthand, missing punctuation, casual phrasing)",hey can I get the policyholder base data? wanna make some cool marketing stuff that really clicks wi,Reject,Senior Manager,6,7,53.7,2522.71
user_534,b996e57f625ba5a93e4cc70ddb09583be42678227126aabe7506d1a9732a748f,Marketing Campaigns,Risk Profile Adjustment Modeling,underwriting,Dynamic Risk Modeler,Improves risk management by applying dynamic models based on integrated behavioral and marketing data insights.,combined,"intern + very formal (precise legal-style language, complete sentences, no contractions)",I respectfully request access to the data pertaining to customer behavior as influenced by marketing,Accept,Director,7,7,42.32,2565.03
user_534,31db55b24dbe49bf94e9e4dfb72eeb4fb25b38b383dcdd78aaa2fa4e31da76f4,Benefit,Fraud Detection Enhancement,actor,FraudShield,A strategic application enhancing fraud detection through detailed claims data analysis.,combined,"junior analyst + very hasty (typos, shorthand, missing punctuation, casual phrasing)",hey need access to bene n payment data quick wanna check for weird claim patterns. gonna look at pay,Reject,Junior Analyst,1,6,30.51,2595.54